destino,tipo,km,km_estimado,km_destapados,ruta,tamano,capacidad_desde,capacidad_hasta,precio_ida,precio_ida_vuelta
ABEJORRAL,DESTINO,108,0,,"Med,La ceja,La union,Mesopotamia.51 Kms.",12 PX,12,12,947418,1349142
ABEJORRAL,DESTINO,108,0,,"Med,La ceja,La union,Mesopotamia.51 Kms.",14 PX,14,14,1017597,1449078
ABEJORRAL,DESTINO,108,0,,"Med,La ceja,La union,Mesopotamia.51 Kms.",16 PX,16,16,1111169,1582327
ABEJORRAL,DESTINO,108,0,,"Med,La ceja,La union,Mesopotamia.51 Kms.",19 PX,19,19,1239830,1611780
ABEJORRAL,DESTINO,108,0,,"Med,La ceja,La union,Mesopotamia.51 Kms.",22-25 PX,22,25,1590726,2067944
ABEJORRAL,DESTINO,108,0,,"Med,La ceja,La union,Mesopotamia.51 Kms.",30-42 PX,30,42,2035193,2645751
ABRIAQUI,DESTINO,185,0,80,"Med, C. gordas,Frontino80Kmdest",12 PX,12,12,1754477,2498410
ABRIAQUI,DESTINO,185,0,80,"Med, C. gordas,Frontino80Kmdest",14 PX,14,14,1918228,2731595
ABRIAQUI,DESTINO,185,0,80,"Med, C. gordas,Frontino80Kmdest",16 PX,16,16,2152158,3064717
ABRIAQUI,DESTINO,185,0,80,"Med, C. gordas,Frontino80Kmdest",19 PX,19,19,2292517,2980272
ABRIAQUI,DESTINO,185,0,80,"Med, C. gordas,Frontino80Kmdest",22-25 PX,22,25,2456268,3193148
ABRIAQUI,DESTINO,185,0,80,"Med, C. gordas,Frontino80Kmdest",30-42 PX,30,42,2889039,3755750
AEROPUERTO,DESTINO,33,0,,Via las palmas,12 PX,12,12,397681,566306
AEROPUERTO,DESTINO,33,0,,Via las palmas,14 PX,14,14,432771,616275
AEROPUERTO,DESTINO,33,0,,Via las palmas,16 PX,16,16,491254,699555
AEROPUERTO,DESTINO,33,0,,Via las palmas,19 PX,19,19,538040,699451
AEROPUERTO,DESTINO,33,0,,Via las palmas,22-25 PX,22,25,608219,790684
AEROPUERTO,DESTINO,33,0,,Via las palmas,30-42 PX,30,42,748577,973150
AGUADAS (ANT),DESTINO,134,0,,"Medellín, Versalles, Pintada",12 PX,12,12,1029293,1465734
AGUADAS (ANT),DESTINO,134,0,,"Medellín, Versalles, Pintada",14 PX,14,14,1134562,1615639
AGUADAS (ANT),DESTINO,134,0,,"Medellín, Versalles, Pintada",16 PX,16,16,1239830,1765543
AGUADAS (ANT),DESTINO,134,0,,"Medellín, Versalles, Pintada",19 PX,19,19,1310009,1703012
AGUADAS (ANT),DESTINO,134,0,,"Medellín, Versalles, Pintada",22-25 PX,22,25,1403582,1824656
AGUADAS (ANT),DESTINO,134,0,,"Medellín, Versalles, Pintada",30-42 PX,30,42,1660905,2159176
AGUADAS (CALDAS),DESTINO,126,1,,"Medellín, Pintada, Rio Arma",12 PX,12,12,935721,1332485
AGUADAS (CALDAS),DESTINO,126,1,,"Medellín, Pintada, Rio Arma",14 PX,14,14,1134562,1615639
AGUADAS (CALDAS),DESTINO,126,1,,"Medellín, Pintada, Rio Arma",16 PX,16,16,1239830,1765543
AGUADAS (CALDAS),DESTINO,126,1,,"Medellín, Pintada, Rio Arma",19 PX,19,19,1520547,1976711
AGUADAS (CALDAS),DESTINO,126,1,,"Medellín, Pintada, Rio Arma",22-25 PX,22,25,1637512,2128765
AGUADAS (CALDAS),DESTINO,126,1,,"Medellín, Pintada, Rio Arma",30-42 PX,30,42,1965014,2554518
ALEJANDRIA,DESTINO,89,0,30,"Med,Barbosa o por San vicente.30 Kms dest.",12 PX,12,12,818756,1165925
ALEJANDRIA,DESTINO,89,0,30,"Med,Barbosa o por San vicente.30 Kms dest.",14 PX,14,14,888935,1265861
ALEJANDRIA,DESTINO,89,0,30,"Med,Barbosa o por San vicente.30 Kms dest.",16 PX,16,16,982507,1399110
ALEJANDRIA,DESTINO,89,0,30,"Med,Barbosa o por San vicente.30 Kms dest.",19 PX,19,19,1122865,1459725
ALEJANDRIA,DESTINO,89,0,30,"Med,Barbosa o por San vicente.30 Kms dest.",22-25 PX,22,25,1310009,1703012
ALEJANDRIA,DESTINO,89,0,30,"Med,Barbosa o por San vicente.30 Kms dest.",30-42 PX,30,42,1637512,2128765
AMAGA,DESTINO,39,0,,"Med,Caldas",12 PX,12,12,491254,699555
AMAGA,DESTINO,39,0,,"Med,Caldas",14 PX,14,14,538040,766179
AMAGA,DESTINO,39,0,,"Med,Caldas",16 PX,16,16,619915,882772
AMAGA,DESTINO,39,0,,"Med,Caldas",19 PX,19,19,666701,866712
AMAGA,DESTINO,39,0,,"Med,Caldas",22-25 PX,22,25,748577,973150
AMAGA,DESTINO,39,0,,"Med,Caldas",30-42 PX,30,42,865542,1125205
AMALFI (SOFIA),DESTINO,147,0,60,"Med,Barbosa,Porce.60 Kms dest",12 PX,12,12,1216437,1732231
AMALFI (SOFIA),DESTINO,147,0,60,"Med,Barbosa,Porce.60 Kms dest",14 PX,14,14,1345099,1915448
AMALFI (SOFIA),DESTINO,147,0,60,"Med,Barbosa,Porce.60 Kms dest",16 PX,16,16,1485457,2115321
AMALFI (SOFIA),DESTINO,147,0,60,"Med,Barbosa,Porce.60 Kms dest",19 PX,19,19,1602422,2083149
AMALFI (SOFIA),DESTINO,147,0,60,"Med,Barbosa,Porce.60 Kms dest",22-25 PX,22,25,1754477,2280820
AMALFI (SOFIA),DESTINO,147,0,60,"Med,Barbosa,Porce.60 Kms dest",30-42 PX,30,42,2222337,2889039
ANDES,DESTINO,119,0,,"Med,Caldas,Amaga,Bolombol o,Hispania",12 PX,12,12,959114,1365798
ANDES,DESTINO,119,0,,"Med,Caldas,Amaga,Bolombol o,Hispania",14 PX,14,14,1076079,1532358
ANDES,DESTINO,119,0,,"Med,Caldas,Amaga,Bolombol o,Hispania",16 PX,16,16,1193044,1698919
ANDES,DESTINO,119,0,,"Med,Caldas,Amaga,Bolombol o,Hispania",19 PX,19,19,1310009,1703012
ANDES,DESTINO,119,0,,"Med,Caldas,Amaga,Bolombol o,Hispania",22-25 PX,22,25,1473761,1915889
ANDES,DESTINO,119,0,,"Med,Caldas,Amaga,Bolombol o,Hispania",30-42 PX,30,42,1637512,2128765
ANGELOPOLIS,DESTINO,52,0,13,"Med,Caldas,Amaga.13 Kms dest",12 PX,12,12,526343,749523
ANGELOPOLIS,DESTINO,52,0,13,"Med,Caldas,Amaga.13 Kms dest",14 PX,14,14,573129,816147
ANGELOPOLIS,DESTINO,52,0,13,"Med,Caldas,Amaga.13 Kms dest",16 PX,16,16,701791,999364
ANGELOPOLIS,DESTINO,52,0,13,"Med,Caldas,Amaga.13 Kms dest",19 PX,19,19,818756,1064383
ANGELOPOLIS,DESTINO,52,0,13,"Med,Caldas,Amaga.13 Kms dest",22-25 PX,22,25,935721,1216437
ANGELOPOLIS,DESTINO,52,0,13,"Med,Caldas,Amaga.13 Kms dest",30-42 PX,30,42,1005900,1307670
ANGOSTURA-MARMATO,DESTINO,150,0,20,"Med,Don matias,Santa Rosa,Yarumal.20 Kms dest",12 PX,12,12,1029293,1465734
ANGOSTURA-MARMATO,DESTINO,150,0,20,"Med,Don matias,Santa Rosa,Yarumal.20 Kms dest",14 PX,14,14,1193044,1698919
ANGOSTURA-MARMATO,DESTINO,150,0,20,"Med,Don matias,Santa Rosa,Yarumal.20 Kms dest",16 PX,16,16,1380189,1965416
ANGOSTURA-MARMATO,DESTINO,150,0,20,"Med,Don matias,Santa Rosa,Yarumal.20 Kms dest",19 PX,19,19,1520547,1976711
ANGOSTURA-MARMATO,DESTINO,150,0,20,"Med,Don matias,Santa Rosa,Yarumal.20 Kms dest",22-25 PX,22,25,1684298,2189587
ANGOSTURA-MARMATO,DESTINO,150,0,20,"Med,Don matias,Santa Rosa,Yarumal.20 Kms dest",30-42 PX,30,42,1777870,2311231
ANORI,DESTINO,175,0,90,"Med,Barbosa,Porce.90 Kms dest",12 PX,12,12,1695994,2415130
ANORI,DESTINO,175,0,90,"Med,Barbosa,Porce.90 Kms dest",14 PX,14,14,1801263,2565035
ANORI,DESTINO,175,0,90,"Med,Barbosa,Porce.90 Kms dest",16 PX,16,16,1988407,2831532
ANORI,DESTINO,175,0,90,"Med,Barbosa,Porce.90 Kms dest",19 PX,19,19,2269124,2949861
ANORI,DESTINO,175,0,90,"Med,Barbosa,Porce.90 Kms dest",22-25 PX,22,25,2526447,3284381
ANORI,DESTINO,175,0,90,"Med,Barbosa,Porce.90 Kms dest",30-42 PX,30,42,2690198,3497257
ANSERMA,DESTINO,204,0,,"Med, Supia, Riosucio",12 PX,12,12,1345099,1915448
ANSERMA,DESTINO,204,0,,"Med, Supia, Riosucio",14 PX,14,14,1426975,2032040
ANSERMA,DESTINO,204,0,,"Med, Supia, Riosucio",16 PX,16,16,1532243,2181945
ANSERMA,DESTINO,204,0,,"Med, Supia, Riosucio",19 PX,19,19,1672601,2174382
ANSERMA,DESTINO,204,0,,"Med, Supia, Riosucio",22-25 PX,22,25,1836353,2387258
ANSERMA,DESTINO,204,0,,"Med, Supia, Riosucio",30-42 PX,30,42,2222337,2889039
ANZA,DESTINO,107,0,,"Med,San jeronimo,Antioquia. Otra ruta por Bolombolo",12 PX,12,12,912328,1299173
ANZA,DESTINO,107,0,,"Med,San jeronimo,Antioquia. Otra ruta por Bolombolo",14 PX,14,14,994204,1415766
ANZA,DESTINO,107,0,,"Med,San jeronimo,Antioquia. Otra ruta por Bolombolo",16 PX,16,16,1146258,1632295
ANZA,DESTINO,107,0,,"Med,San jeronimo,Antioquia. Otra ruta por Bolombolo",19 PX,19,19,1310009,1703012
ANZA,DESTINO,107,0,,"Med,San jeronimo,Antioquia. Otra ruta por Bolombolo",22-25 PX,22,25,1590726,2067944
ANZA,DESTINO,107,0,,"Med,San jeronimo,Antioquia. Otra ruta por Bolombolo",30-42 PX,30,42,1988407,2584929
APARTADO,DESTINO,316,0,,"Med,Antioquia,Cañasgordas,D abeiba,Mutata,Chigorodo",12 PX,12,12,2924128,4164017
APARTADO,DESTINO,316,0,,"Med,Antioquia,Cañasgordas,D abeiba,Mutata,Chigorodo",14 PX,14,14,3087879,4397202
APARTADO,DESTINO,316,0,,"Med,Antioquia,Cañasgordas,D abeiba,Mutata,Chigorodo",16 PX,16,16,3298417,4697011
APARTADO,DESTINO,316,0,,"Med,Antioquia,Cañasgordas,D abeiba,Mutata,Chigorodo",19 PX,19,19,3462168,4500818
APARTADO,DESTINO,316,0,,"Med,Antioquia,Cañasgordas,D abeiba,Mutata,Chigorodo",22-25 PX,22,25,4093780,5321913
APARTADO,DESTINO,316,0,,"Med,Antioquia,Cañasgordas,D abeiba,Mutata,Chigorodo",30-42 PX,30,42,4678605,6082187
ARBOLETES,DESTINO,473,0,,"Med,Monteria, Otra ruta por Uraba",12 PX,12,12,3380292,4813604
ARBOLETES,DESTINO,473,0,,"Med,Monteria, Otra ruta por Uraba",14 PX,14,14,3625919,5163381
ARBOLETES,DESTINO,473,0,,"Med,Monteria, Otra ruta por Uraba",16 PX,16,16,3976814,5663063
ARBOLETES,DESTINO,473,0,,"Med,Monteria, Otra ruta por Uraba",19 PX,19,19,4444675,5778077
ARBOLETES,DESTINO,473,0,,"Med,Monteria, Otra ruta por Uraba",22-25 PX,22,25,4865749,6325474
ARBOLETES,DESTINO,473,0,,"Med,Monteria, Otra ruta por Uraba",30-42 PX,30,42,5614326,7298624
ARGELIA,DESTINO,149,0,92,"Med,La ceja,La union,Sonson.92 Kms dest",12 PX,12,12,1380189,1965416
ARGELIA,DESTINO,149,0,92,"Med,La ceja,La union,Sonson.92 Kms dest",14 PX,14,14,1426975,2032040
ARGELIA,DESTINO,149,0,92,"Med,La ceja,La union,Sonson.92 Kms dest",16 PX,16,16,1508850,2148633
ARGELIA,DESTINO,149,0,92,"Med,La ceja,La union,Sonson.92 Kms dest",19 PX,19,19,1684298,2189587
ARGELIA,DESTINO,149,0,92,"Med,La ceja,La union,Sonson.92 Kms dest",22-25 PX,22,25,1836353,2387258
ARGELIA,DESTINO,149,0,92,"Med,La ceja,La union,Sonson.92 Kms dest",30-42 PX,30,42,2350999,3056299
ARMENIA (ANT),DESTINO,51,0,30,"Med,San antonio de prado.30 Kms dest",12 PX,12,12,631612,899428
ARMENIA (ANT),DESTINO,51,0,30,"Med,San antonio de prado.30 Kms dest",14 PX,14,14,783666,1115957
ARMENIA (ANT),DESTINO,51,0,30,"Med,San antonio de prado.30 Kms dest",16 PX,16,16,842149,1199237
ARMENIA (ANT),DESTINO,51,0,30,"Med,San antonio de prado.30 Kms dest",19 PX,19,19,959114,1246848
ARMENIA (ANT),DESTINO,51,0,30,"Med,San antonio de prado.30 Kms dest",22-25 PX,22,25,1005900,1307670
ARMENIA (ANT),DESTINO,51,0,30,"Med,San antonio de prado.30 Kms dest",30-42 PX,30,42,1286616,1672601
ARMENIA (QUINDIO),DESTINO,323,0,,"Med, Irra, Chinchina, Pereira",12 PX,12,12,2421178,3447806
ARMENIA (QUINDIO),DESTINO,323,0,,"Med, Irra, Chinchina, Pereira",14 PX,14,14,2573233,3664335
ARMENIA (QUINDIO),DESTINO,323,0,,"Med, Irra, Chinchina, Pereira",16 PX,16,16,2853949,4064081
ARMENIA (QUINDIO),DESTINO,323,0,,"Med, Irra, Chinchina, Pereira",19 PX,19,19,3158059,4105476
ARMENIA (QUINDIO),DESTINO,323,0,,"Med, Irra, Chinchina, Pereira",22-25 PX,22,25,3625919,4713695
ARMENIA (QUINDIO),DESTINO,323,0,,"Med, Irra, Chinchina, Pereira",30-42 PX,30,42,3930028,5109037
AYAPEL,DESTINO,330,0,,"Med, Yarumal. Caucasia",12 PX,12,12,2970914,4230641
AYAPEL,DESTINO,330,0,,"Med, Yarumal. Caucasia",14 PX,14,14,3251631,4630387
AYAPEL,DESTINO,330,0,,"Med, Yarumal. Caucasia",16 PX,16,16,3508954,4996821
AYAPEL,DESTINO,330,0,,"Med, Yarumal. Caucasia",19 PX,19,19,3859849,5017804
AYAPEL,DESTINO,330,0,,"Med, Yarumal. Caucasia",22-25 PX,22,25,4327710,5626023
AYAPEL,DESTINO,330,0,,"Med, Yarumal. Caucasia",30-42 PX,30,42,5415486,7040131
BALSILLAS,DESTINO,590,0,,"Med, Sincelejo, Tolú Viejo, Sn Onorfe",12 PX,12,12,4912535,6995549
BALSILLAS,DESTINO,590,0,,"Med, Sincelejo, Tolú Viejo, Sn Onorfe",14 PX,14,14,5520754,7861664
BALSILLAS,DESTINO,590,0,,"Med, Sincelejo, Tolú Viejo, Sn Onorfe",16 PX,16,16,5731291,8161474
BALSILLAS,DESTINO,590,0,,"Med, Sincelejo, Tolú Viejo, Sn Onorfe",19 PX,19,19,6152366,7998076
BALSILLAS,DESTINO,590,0,,"Med, Sincelejo, Tolú Viejo, Sn Onorfe",22-25 PX,22,25,6433082,8363007
BALSILLAS,DESTINO,590,0,,"Med, Sincelejo, Tolú Viejo, Sn Onorfe",30-42 PX,30,42,6900943,8971226
BARBOSA,DESTINO,38,0,,"Med, Autopista Norte",12 PX,12,12,421074,599618
BARBOSA,DESTINO,38,0,,"Med, Autopista Norte",14 PX,14,14,467861,666243
BARBOSA,DESTINO,38,0,,"Med, Autopista Norte",16 PX,16,16,514647,732867
BARBOSA,DESTINO,38,0,,"Med, Autopista Norte",19 PX,19,19,584826,760273
BARBOSA,DESTINO,38,0,,"Med, Autopista Norte",22-25 PX,22,25,678398,881917
BARBOSA,DESTINO,38,0,,"Med, Autopista Norte",30-42 PX,30,42,760273,988355
BARRANCABERMEJA,DESTINO,410,0,,"Med, Via Puerto Berrio",12 PX,12,12,3158059,4497139
BARRANCABERMEJA,DESTINO,410,0,,"Med, Via Puerto Berrio",14 PX,14,14,3321810,4730323
BARRANCABERMEJA,DESTINO,410,0,,"Med, Via Puerto Berrio",16 PX,16,16,3625919,5163381
BARRANCABERMEJA,DESTINO,410,0,,"Med, Via Puerto Berrio",19 PX,19,19,3906635,5078626
BARRANCABERMEJA,DESTINO,410,0,,"Med, Via Puerto Berrio",22-25 PX,22,25,4257531,5534790
BARRANCABERMEJA,DESTINO,410,0,,"Med, Via Puerto Berrio",30-42 PX,30,42,5754684,7481090
BARRANQUILLA,DESTINO,745,0,,"Med, Caucasia, Calamar",12 PX,12,12,5731291,8161474
BARRANQUILLA,DESTINO,745,0,,"Med, Caucasia, Calamar",14 PX,14,14,5848257,8328034
BARRANQUILLA,DESTINO,745,0,,"Med, Caucasia, Calamar",16 PX,16,16,6222545,8861028
BARRANQUILLA,DESTINO,745,0,,"Med, Caucasia, Calamar",19 PX,19,19,6667012,8667116
BARRANQUILLA,DESTINO,745,0,,"Med, Caucasia, Calamar",22-25 PX,22,25,7134873,9275335
BARRANQUILLA,DESTINO,745,0,,"Med, Caucasia, Calamar",30-42 PX,30,42,8327917,10826292
BARICHARA,DESTINO,540,0,,,12 PX,12,12,4117173,5862936
BARICHARA,DESTINO,540,0,,,14 PX,14,14,4397889,6262682
BARICHARA,DESTINO,540,0,,,16 PX,16,16,4678605,6662427
BARICHARA,DESTINO,540,0,,,19 PX,19,19,5216645,6781638
BARICHARA,DESTINO,540,0,,,22-25 PX,22,25,5544147,7207391
BARICHARA,DESTINO,540,0,,,30-42 PX,30,42,6082187,7906843
BELLO,DESTINO,10,0,,"Med, Autopista Norte",12 PX,12,12,257323,366434
BELLO,DESTINO,10,0,,"Med, Autopista Norte",14 PX,14,14,269020,383090
BELLO,DESTINO,10,0,,"Med, Autopista Norte",16 PX,16,16,280716,399746
BELLO,DESTINO,10,0,,"Med, Autopista Norte",19 PX,19,19,304109,395342
BELLO,DESTINO,10,0,,"Med, Autopista Norte",22-25 PX,22,25,374288,486575
BELLO,DESTINO,10,0,,"Med, Autopista Norte",30-42 PX,30,42,397681,516986
BELMIRA,DESTINO,66,0,,"Med,San pedro",12 PX,12,12,573129,816147
BELMIRA,DESTINO,66,0,,"Med,San pedro",14 PX,14,14,608219,866116
BELMIRA,DESTINO,66,0,,"Med,San pedro",16 PX,16,16,666701,949396
BELMIRA,DESTINO,66,0,,"Med,San pedro",19 PX,19,19,736880,957944
BELMIRA,DESTINO,66,0,,"Med,San pedro",22-25 PX,22,25,818756,1064383
BELMIRA,DESTINO,66,0,,"Med,San pedro",30-42 PX,30,42,1017597,1322876
BETANIA,DESTINO,118,0,18,"Med,Amaga,Bolombolo,Hispa nia.18 Kms dest",12 PX,12,12,1017597,1449078
BETANIA,DESTINO,118,0,18,"Med,Amaga,Bolombolo,Hispa nia.18 Kms dest",14 PX,14,14,1111169,1582327
BETANIA,DESTINO,118,0,18,"Med,Amaga,Bolombolo,Hispa nia.18 Kms dest",16 PX,16,16,1193044,1698919
BETANIA,DESTINO,118,0,18,"Med,Amaga,Bolombolo,Hispa nia.18 Kms dest",19 PX,19,19,1263223,1642190
BETANIA,DESTINO,118,0,18,"Med,Amaga,Bolombolo,Hispa nia.18 Kms dest",22-25 PX,22,25,1380189,1794245
BETANIA,DESTINO,118,0,18,"Med,Amaga,Bolombolo,Hispa nia.18 Kms dest",30-42 PX,30,42,1520547,1976711
BETULIA,DESTINO,131,0,15,"Med,Amaga,Bolombolo,Conco rdia.15 Kms dest",12 PX,12,12,1087776,1549014
BETULIA,DESTINO,131,0,15,"Med,Amaga,Bolombolo,Conco rdia.15 Kms dest",14 PX,14,14,1169651,1665607
BETULIA,DESTINO,131,0,15,"Med,Amaga,Bolombolo,Conco rdia.15 Kms dest",16 PX,16,16,1310009,1865480
BETULIA,DESTINO,131,0,15,"Med,Amaga,Bolombolo,Conco rdia.15 Kms dest",19 PX,19,19,1450368,1885478
BETULIA,DESTINO,131,0,15,"Med,Amaga,Bolombolo,Conco rdia.15 Kms dest",22-25 PX,22,25,1637512,2128765
BETULIA,DESTINO,131,0,15,"Med,Amaga,Bolombolo,Conco rdia.15 Kms dest",30-42 PX,30,42,1824656,2372053
BOGOTA,DESTINO,430,0,,"Med, Autopista Villeta",12 PX,12,12,3286720,4680355
BOGOTA,DESTINO,430,0,,"Med, Autopista Villeta",14 PX,14,14,3649312,5196693
BOGOTA,DESTINO,430,0,,"Med, Autopista Villeta",16 PX,16,16,4234138,6029497
BOGOTA,DESTINO,430,0,,"Med, Autopista Villeta",19 PX,19,19,4514854,5869310
BOGOTA,DESTINO,430,0,,"Med, Autopista Villeta",22-25 PX,22,25,4854053,6310269
BOGOTA,DESTINO,430,0,,"Med, Autopista Villeta",30-42 PX,30,42,5848257,7602733
BOLOMBOLO,DESTINO,82,0,,,12 PX,12,12,771970,1099301
BOLOMBOLO,DESTINO,82,0,,,14 PX,14,14,818756,1165925
BOLOMBOLO,DESTINO,82,0,,,16 PX,16,16,935721,1332485
BOLOMBOLO,DESTINO,82,0,,,19 PX,19,19,982507,1277259
BOLOMBOLO,DESTINO,82,0,,,22-25 PX,22,25,1099472,1429314
BOLOMBOLO,DESTINO,82,0,,,30-42 PX,30,42,1286616,1672601
BOQUERON,DESTINO,30,0,,"Med, Carretera al Mar",12 PX,12,12,362592,516338
BOQUERON,DESTINO,30,0,,"Med, Carretera al Mar",14 PX,14,14,397681,566306
BOQUERON,DESTINO,30,0,,"Med, Carretera al Mar",16 PX,16,16,444468,632931
BOQUERON,DESTINO,30,0,,"Med, Carretera al Mar",19 PX,19,19,514647,669041
BOQUERON,DESTINO,30,0,,"Med, Carretera al Mar",22-25 PX,22,25,587165,763314
BOQUERON,DESTINO,30,0,,"Med, Carretera al Mar",30-42 PX,30,42,655005,851506
BOYACÁ,DESTINO,842,1,,"Med, Autopista Villeta, Bogota",12 PX,12,12,6012008,8561219
BOYACÁ,DESTINO,842,1,,"Med, Autopista Villeta, Bogota",14 PX,14,14,6245938,8894341
BOYACÁ,DESTINO,842,1,,"Med, Autopista Villeta, Bogota",16 PX,16,16,6667012,9493959
BOYACÁ,DESTINO,842,1,,"Med, Autopista Villeta, Bogota",19 PX,19,19,6947729,9032047
BOYACÁ,DESTINO,842,1,,"Med, Autopista Villeta, Bogota",22-25 PX,22,25,7298624,9488211
BOYACÁ,DESTINO,842,1,,"Med, Autopista Villeta, Bogota",30-42 PX,30,42,8889350,11556155
BRICEÑO,DESTINO,194,0,65,"Med,Sta Rosa,Yarumal.65 Kms dest",12 PX,12,12,1929925,2748251
BRICEÑO,DESTINO,194,0,65,"Med,Sta Rosa,Yarumal.65 Kms dest",14 PX,14,14,2023497,2881500
BRICEÑO,DESTINO,194,0,65,"Med,Sta Rosa,Yarumal.65 Kms dest",16 PX,16,16,2105372,2998092
BRICEÑO,DESTINO,194,0,65,"Med,Sta Rosa,Yarumal.65 Kms dest",19 PX,19,19,2222337,2889039
BRICEÑO,DESTINO,194,0,65,"Med,Sta Rosa,Yarumal.65 Kms dest",22-25 PX,22,25,2386089,3101915
BRICEÑO,DESTINO,194,0,65,"Med,Sta Rosa,Yarumal.65 Kms dest",30-42 PX,30,42,2760377,3588490
BUCARAMANGA,DESTINO,550,0,,"Med, Puerto Berrio",12 PX,12,12,4093780,5829624
BUCARAMANGA,DESTINO,550,0,,"Med, Puerto Berrio",14 PX,14,14,4374496,6229370
BUCARAMANGA,DESTINO,550,0,,"Med, Puerto Berrio",16 PX,16,16,5029501,7162109
BUCARAMANGA,DESTINO,550,0,,"Med, Puerto Berrio",19 PX,19,19,5380396,6994515
BUCARAMANGA,DESTINO,550,0,,"Med, Puerto Berrio",22-25 PX,22,25,5848257,7602733
BUCARAMANGA,DESTINO,550,0,,"Med, Puerto Berrio",30-42 PX,30,42,6128973,7967665
BUENAVENTURA,DESTINO,510,0,,"Med, Buga, Lobo Guerrero",12 PX,12,12,3415382,4863572
BUENAVENTURA,DESTINO,510,0,,"Med, Buga, Lobo Guerrero",14 PX,14,14,4093780,5829624
BUENAVENTURA,DESTINO,510,0,,"Med, Buga, Lobo Guerrero",16 PX,16,16,4444675,6329306
BUENAVENTURA,DESTINO,510,0,,"Med, Buga, Lobo Guerrero",19 PX,19,19,4795570,6234241
BUENAVENTURA,DESTINO,510,0,,"Med, Buga, Lobo Guerrero",22-25 PX,22,25,5263431,6842460
BUENAVENTURA,DESTINO,510,0,,"Med, Buga, Lobo Guerrero",30-42 PX,30,42,5661112,7359446
BUGA,DESTINO,384,0,,"Med, Irra, Pereira, Cartago",12 PX,12,12,2924128,4164017
BUGA,DESTINO,384,0,,"Med, Irra, Pereira, Cartago",14 PX,14,14,3041093,4330578
BUGA,DESTINO,384,0,,"Med, Irra, Pereira, Cartago",16 PX,16,16,3228238,4597075
BUGA,DESTINO,384,0,,"Med, Irra, Pereira, Cartago",19 PX,19,19,3438775,4470407
BUGA,DESTINO,384,0,,"Med, Irra, Pereira, Cartago",22-25 PX,22,25,3930028,5109037
BUGA,DESTINO,384,0,,"Med, Irra, Pereira, Cartago",30-42 PX,30,42,5146466,6690405
BURITICA,DESTINO,127,0,48,"Med,Antioquia.48 Kms dest",12 PX,12,12,1204741,1715575
BURITICA,DESTINO,127,0,48,"Med,Antioquia.48 Kms dest",14 PX,14,14,1286616,1832168
BURITICA,DESTINO,127,0,48,"Med,Antioquia.48 Kms dest",16 PX,16,16,1356796,1932104
BURITICA,DESTINO,127,0,48,"Med,Antioquia.48 Kms dest",19 PX,19,19,1497154,1946300
BURITICA,DESTINO,127,0,48,"Med,Antioquia.48 Kms dest",22-25 PX,22,25,1684298,2189587
BURITICA,DESTINO,127,0,48,"Med,Antioquia.48 Kms dest",30-42 PX,30,42,1988407,2584929
CACERES,DESTINO,234,0,,"Med,Valdivia",12 PX,12,12,1719387,2448442
CACERES,DESTINO,234,0,,"Med,Valdivia",14 PX,14,14,1812960,2581691
CACERES,DESTINO,234,0,,"Med,Valdivia",16 PX,16,16,1894835,2698283
CACERES,DESTINO,234,0,,"Med,Valdivia",19 PX,19,19,2011800,2615340
CACERES,DESTINO,234,0,,"Med,Valdivia",22-25 PX,22,25,2222337,2889039
CACERES,DESTINO,234,0,,"Med,Valdivia",30-42 PX,30,42,3193148,4151092
CAICEDO,DESTINO,230,0,70,"Med,Antioquia.70 Kms dest",12 PX,12,12,1590726,2265225
CAICEDO,DESTINO,230,0,70,"Med,Antioquia.70 Kms dest",14 PX,14,14,1695994,2415130
CAICEDO,DESTINO,230,0,70,"Med,Antioquia.70 Kms dest",16 PX,16,16,1777870,2531722
CAICEDO,DESTINO,230,0,70,"Med,Antioquia.70 Kms dest",19 PX,19,19,1894835,2463286
CAICEDO,DESTINO,230,0,70,"Med,Antioquia.70 Kms dest",22-25 PX,22,25,2081979,2706573
CAICEDO,DESTINO,230,0,70,"Med,Antioquia.70 Kms dest",30-42 PX,30,42,2807163,3649312
CALDAS,DESTINO,22,0,,"Med, Itagui, Autopista Sur",12 PX,12,12,327502,466370
CALDAS,DESTINO,22,0,,"Med, Itagui, Autopista Sur",14 PX,14,14,350895,499682
CALDAS,DESTINO,22,0,,"Med, Itagui, Autopista Sur",16 PX,16,16,385985,549650
CALDAS,DESTINO,22,0,,"Med, Itagui, Autopista Sur",19 PX,19,19,432771,562602
CALDAS,DESTINO,22,0,,"Med, Itagui, Autopista Sur",22-25 PX,22,25,479557,623424
CALDAS,DESTINO,22,0,,"Med, Itagui, Autopista Sur",30-42 PX,30,42,584826,760273
CALI,DESTINO,444,0,,"Med, Irra, Pereira, Buga",12 PX,12,12,3275024,4663699
CALI,DESTINO,444,0,,"Med, Irra, Pereira, Buga",14 PX,14,14,3859849,5496503
CALI,DESTINO,444,0,,"Med, Irra, Pereira, Buga",16 PX,16,16,4210745,5996185
CALI,DESTINO,444,0,,"Med, Irra, Pereira, Buga",19 PX,19,19,4620123,6006159
CALI,DESTINO,444,0,,"Med, Irra, Pereira, Buga",22-25 PX,22,25,4973357,6465365
CALI,DESTINO,444,0,,"Med, Irra, Pereira, Buga",30-42 PX,30,42,5848257,7602733
CAMILOCE,DESTINO,35,0,,"Med,Caldas",12 PX,12,12,491254,699555
CAMILOCE,DESTINO,35,0,,"Med,Caldas",14 PX,14,14,573129,816147
CAMILOCE,DESTINO,35,0,,"Med,Caldas",16 PX,16,16,655005,932740
CAMILOCE,DESTINO,35,0,,"Med,Caldas",19 PX,19,19,725184,942739
CAMILOCE,DESTINO,35,0,,"Med,Caldas",22-25 PX,22,25,818756,1064383
CAMILOCE,DESTINO,35,0,,"Med,Caldas",30-42 PX,30,42,947418,1231643
CAMPAMENTO,DESTINO,139,0,15,"Med,Don Matias,Santa Rosa,Yarumal.15 Kms dest",12 PX,12,12,1298313,1848824
CAMPAMENTO,DESTINO,139,0,15,"Med,Don Matias,Santa Rosa,Yarumal.15 Kms dest",14 PX,14,14,1380189,1965416
CAMPAMENTO,DESTINO,139,0,15,"Med,Don Matias,Santa Rosa,Yarumal.15 Kms dest",16 PX,16,16,1497154,2131977
CAMPAMENTO,DESTINO,139,0,15,"Med,Don Matias,Santa Rosa,Yarumal.15 Kms dest",19 PX,19,19,1684298,2189587
CAMPAMENTO,DESTINO,139,0,15,"Med,Don Matias,Santa Rosa,Yarumal.15 Kms dest",22-25 PX,22,25,1871442,2432875
CAMPAMENTO,DESTINO,139,0,15,"Med,Don Matias,Santa Rosa,Yarumal.15 Kms dest",30-42 PX,30,42,2339303,3041093
CAÑASGORDAS,DESTINO,133,0,,"Med,Antioquia",12 PX,12,12,1368492,1948760
CAÑASGORDAS,DESTINO,133,0,,"Med,Antioquia",14 PX,14,14,1462064,2082009
CAÑASGORDAS,DESTINO,133,0,,"Med,Antioquia",16 PX,16,16,1543940,2198601
CAÑASGORDAS,DESTINO,133,0,,"Med,Antioquia",19 PX,19,19,1660905,2159176
CAÑASGORDAS,DESTINO,133,0,,"Med,Antioquia",22-25 PX,22,25,1894835,2463286
CAÑASGORDAS,DESTINO,133,0,,"Med,Antioquia",30-42 PX,30,42,2269124,2949861
CARACOLI,DESTINO,147,0,,"Med,Barbosa,Cisneros,San Jose del Nus.30 Kms",12 PX,12,12,1310009,1865480
CARACOLI,DESTINO,147,0,,"Med,Barbosa,Cisneros,San Jose del Nus.30 Kms",14 PX,14,14,1426975,2032040
CARACOLI,DESTINO,147,0,,"Med,Barbosa,Cisneros,San Jose del Nus.30 Kms",16 PX,16,16,1508850,2148633
CARACOLI,DESTINO,147,0,,"Med,Barbosa,Cisneros,San Jose del Nus.30 Kms",19 PX,19,19,1602422,2083149
CARACOLI,DESTINO,147,0,,"Med,Barbosa,Cisneros,San Jose del Nus.30 Kms",22-25 PX,22,25,1731084,2250409
CARACOLI,DESTINO,147,0,,"Med,Barbosa,Cisneros,San Jose del Nus.30 Kms",30-42 PX,30,42,2292517,2980272
CARAMANTA,DESTINO,117,0,,"Med,Pintada,Valparaiso.Otra Via Bolombolo",12 PX,12,12,1298313,1848824
CARAMANTA,DESTINO,117,0,,"Med,Pintada,Valparaiso.Otra Via Bolombolo",14 PX,14,14,1403582,1998728
CARAMANTA,DESTINO,117,0,,"Med,Pintada,Valparaiso.Otra Via Bolombolo",16 PX,16,16,1485457,2115321
CARAMANTA,DESTINO,117,0,,"Med,Pintada,Valparaiso.Otra Via Bolombolo",19 PX,19,19,1567333,2037533
CARAMANTA,DESTINO,117,0,,"Med,Pintada,Valparaiso.Otra Via Bolombolo",22-25 PX,22,25,1684298,2189587
CARAMANTA,DESTINO,117,0,,"Med,Pintada,Valparaiso.Otra Via Bolombolo",30-42 PX,30,42,2105372,2736984
CAREPA,DESTINO,301,0,,"Med,Antioquia,Cañasgordas,D abeiba,Mutata,Chigorodo",12 PX,12,12,2573233,3664335
CAREPA,DESTINO,301,0,,"Med,Antioquia,Cañasgordas,D abeiba,Mutata,Chigorodo",14 PX,14,14,2760377,3930832
CAREPA,DESTINO,301,0,,"Med,Antioquia,Cañasgordas,D abeiba,Mutata,Chigorodo",16 PX,16,16,2900735,4130705
CAREPA,DESTINO,301,0,,"Med,Antioquia,Cañasgordas,D abeiba,Mutata,Chigorodo",19 PX,19,19,3111272,4044654
CAREPA,DESTINO,301,0,,"Med,Antioquia,Cañasgordas,D abeiba,Mutata,Chigorodo",22-25 PX,22,25,3275024,4257531
CAREPA,DESTINO,301,0,,"Med,Antioquia,Cañasgordas,D abeiba,Mutata,Chigorodo",30-42 PX,30,42,3813063,4956982
CARMEN DE BOLIVAR,DESTINO,532,0,,"Med, Costa Atlantica",12 PX,12,12,4023600,5729688
CARMEN DE BOLIVAR,DESTINO,532,0,,"Med, Costa Atlantica",14 PX,14,14,4327710,6162745
CARMEN DE BOLIVAR,DESTINO,532,0,,"Med, Costa Atlantica",16 PX,16,16,4585033,6529179
CARMEN DE BOLIVAR,DESTINO,532,0,,"Med, Costa Atlantica",19 PX,19,19,4842356,6295063
CARMEN DE BOLIVAR,DESTINO,532,0,,"Med, Costa Atlantica",22-25 PX,22,25,5216645,6781638
CARMEN DE BOLIVAR,DESTINO,532,0,,"Med, Costa Atlantica",30-42 PX,30,42,6316117,8210952
CARMEN DEL VIBORAL,DESTINO,56,0,,"Med,Rionegro",12 PX,12,12,643308,916084
CARMEN DEL VIBORAL,DESTINO,56,0,,"Med,Rionegro",14 PX,14,14,701791,999364
CARMEN DEL VIBORAL,DESTINO,56,0,,"Med,Rionegro",16 PX,16,16,771970,1099301
CARMEN DEL VIBORAL,DESTINO,56,0,,"Med,Rionegro",19 PX,19,19,853845,1109999
CARMEN DEL VIBORAL,DESTINO,56,0,,"Med,Rionegro",22-25 PX,22,25,959114,1246848
CARMEN DEL VIBORAL,DESTINO,56,0,,"Med,Rionegro",30-42 PX,30,42,1127544,1465807
CAROLINA,DESTINO,118,0,70,"Med,Barbosa,Gomez Plata.70Kmdes",12 PX,12,12,1099472,1565670
CAROLINA,DESTINO,118,0,70,"Med,Barbosa,Gomez Plata.70Kmdes",14 PX,14,14,1169651,1665607
CAROLINA,DESTINO,118,0,70,"Med,Barbosa,Gomez Plata.70Kmdes",16 PX,16,16,1263223,1798855
CAROLINA,DESTINO,118,0,70,"Med,Barbosa,Gomez Plata.70Kmdes",19 PX,19,19,1403582,1824656
CAROLINA,DESTINO,118,0,70,"Med,Barbosa,Gomez Plata.70Kmdes",22-25 PX,22,25,1684298,2189587
CAROLINA,DESTINO,118,0,70,"Med,Barbosa,Gomez Plata.70Kmdes",30-42 PX,30,42,1988407,2584929
CARTAGENA,DESTINO,660,0,,"Med, Caucasia, Sincelejo",12 PX,12,12,4912535,6995549
CARTAGENA,DESTINO,660,0,,"Med, Caucasia, Sincelejo",14 PX,14,14,5672809,8078193
CARTAGENA,DESTINO,660,0,,"Med, Caucasia, Sincelejo",16 PX,16,16,6199152,8827716
CARTAGENA,DESTINO,660,0,,"Med, Caucasia, Sincelejo",19 PX,19,19,6550047,8515062
CARTAGENA,DESTINO,660,0,,"Med, Caucasia, Sincelejo",22-25 PX,22,25,7017908,9123280
CARTAGENA,DESTINO,660,0,,"Med, Caucasia, Sincelejo",30-42 PX,30,42,7831985,10181581
CARTAGO,DESTINO,263,0,,"Med, Irra, Pereira",12 PX,12,12,2070283,2948124
CARTAGO,DESTINO,263,0,,"Med, Irra, Pereira",14 PX,14,14,2210641,3147997
CARTAGO,DESTINO,263,0,,"Med, Irra, Pereira",16 PX,16,16,2339303,3331214
CARTAGO,DESTINO,263,0,,"Med, Irra, Pereira",19 PX,19,19,2503054,3253970
CARTAGO,DESTINO,263,0,,"Med, Irra, Pereira",22-25 PX,22,25,2713591,3527668
CARTAGO,DESTINO,263,0,,"Med, Irra, Pereira",30-42 PX,30,42,3508954,4561640
CAUCASIA,DESTINO,285,0,,"Med,Don Matias,Sta Rosa,Yarumal,Valdivia,Taraza",12 PX,12,12,2058586,2931468
CAUCASIA,DESTINO,285,0,,"Med,Don Matias,Sta Rosa,Yarumal,Valdivia,Taraza",14 PX,14,14,2187248,3114685
CAUCASIA,DESTINO,285,0,,"Med,Don Matias,Sta Rosa,Yarumal,Valdivia,Taraza",16 PX,16,16,2292517,3264589
CAUCASIA,DESTINO,285,0,,"Med,Don Matias,Sta Rosa,Yarumal,Valdivia,Taraza",19 PX,19,19,2526447,3284381
CAUCASIA,DESTINO,285,0,,"Med,Don Matias,Sta Rosa,Yarumal,Valdivia,Taraza",22-25 PX,22,25,2924128,3801367
CAUCASIA,DESTINO,285,0,,"Med,Don Matias,Sta Rosa,Yarumal,Valdivia,Taraza",30-42 PX,30,42,3742884,4865749
CERETÉ,DESTINO,437,0,,"Med, Don Matias Yarumal, Valdivia, Monteria",12 PX,12,12,3204845,4563763
CERETÉ,DESTINO,437,0,,"Med, Don Matias Yarumal, Valdivia, Monteria",14 PX,14,14,3415382,4863572
CERETÉ,DESTINO,437,0,,"Med, Don Matias Yarumal, Valdivia, Monteria",16 PX,16,16,3625919,5163381
CERETÉ,DESTINO,437,0,,"Med, Don Matias Yarumal, Valdivia, Monteria",19 PX,19,19,3906635,5078626
CERETÉ,DESTINO,437,0,,"Med, Don Matias Yarumal, Valdivia, Monteria",22-25 PX,22,25,4678605,6082187
CERETÉ,DESTINO,437,0,,"Med, Don Matias Yarumal, Valdivia, Monteria",30-42 PX,30,42,5614330,7298629
CERRITOS,DESTINO,233,0,,"Med, cali, cerritos",12 PX,12,12,1543940,2198601
CERRITOS,DESTINO,233,0,,"Med, cali, cerritos",14 PX,14,14,1637512,2331850
CERRITOS,DESTINO,233,0,,"Med, cali, cerritos",16 PX,16,16,1777870,2531722
CERRITOS,DESTINO,233,0,,"Med, cali, cerritos",19 PX,19,19,1918228,2493697
CERRITOS,DESTINO,233,0,,"Med, cali, cerritos",22-25 PX,22,25,2713591,3527668
CERRITOS,DESTINO,233,0,,"Med, cali, cerritos",30-42 PX,30,42,3391989,4409585
CHIGORODO,DESTINO,291,0,,"Med,S jeronimo, Cañasgorda, Dabeiba, Mutata",12 PX,12,12,2081979,2964780
CHIGORODO,DESTINO,291,0,,"Med,S jeronimo, Cañasgorda, Dabeiba, Mutata",14 PX,14,14,2187248,3114685
CHIGORODO,DESTINO,291,0,,"Med,S jeronimo, Cañasgorda, Dabeiba, Mutata",16 PX,16,16,2339303,3331214
CHIGORODO,DESTINO,291,0,,"Med,S jeronimo, Cañasgorda, Dabeiba, Mutata",19 PX,19,19,2503054,3253970
CHIGORODO,DESTINO,291,0,,"Med,S jeronimo, Cañasgorda, Dabeiba, Mutata",22-25 PX,22,25,2947521,3831778
CHIGORODO,DESTINO,291,0,,"Med,S jeronimo, Cañasgorda, Dabeiba, Mutata",30-42 PX,30,42,3742884,4865749
CIENAGA,DESTINO,819,0,,"Med, Autopista, Costa Atlantica",12 PX,12,12,6433082,9160838
CIENAGA,DESTINO,819,0,,"Med, Autopista, Costa Atlantica",14 PX,14,14,6947729,9893705
CIENAGA,DESTINO,819,0,,"Med, Autopista, Costa Atlantica",16 PX,16,16,7485768,10659884
CIENAGA,DESTINO,819,0,,"Med, Autopista, Costa Atlantica",19 PX,19,19,7953629,10339718
CIENAGA,DESTINO,819,0,,"Med, Autopista, Costa Atlantica",22-25 PX,22,25,8515062,11069580
CIENAGA,DESTINO,819,0,,"Med, Autopista, Costa Atlantica",30-42 PX,30,42,9357210,12164374
CISNEROS,DESTINO,89,0,,"Med, Barbosa",12 PX,12,12,748577,1065988
CISNEROS,DESTINO,89,0,,"Med, Barbosa",14 PX,14,14,830452,1182581
CISNEROS,DESTINO,89,0,,"Med, Barbosa",16 PX,16,16,900632,1282517
CISNEROS,DESTINO,89,0,,"Med, Barbosa",19 PX,19,19,982507,1277259
CISNEROS,DESTINO,89,0,,"Med, Barbosa",22-25 PX,22,25,1134562,1474930
CISNEROS,DESTINO,89,0,,"Med, Barbosa",30-42 PX,30,42,1310009,1703012
CIUDAD BOLIVAR,DESTINO,112,0,,"Med, Amaga, Bolombolo, Remolinos",12 PX,12,12,924025,1315829
CIUDAD BOLIVAR,DESTINO,112,0,,"Med, Amaga, Bolombolo, Remolinos",14 PX,14,14,994204,1415766
CIUDAD BOLIVAR,DESTINO,112,0,,"Med, Amaga, Bolombolo, Remolinos",16 PX,16,16,1122865,1598983
CIUDAD BOLIVAR,DESTINO,112,0,,"Med, Amaga, Bolombolo, Remolinos",19 PX,19,19,1251527,1626985
CIUDAD BOLIVAR,DESTINO,112,0,,"Med, Amaga, Bolombolo, Remolinos",22-25 PX,22,25,1356796,1763834
CIUDAD BOLIVAR,DESTINO,112,0,,"Med, Amaga, Bolombolo, Remolinos",30-42 PX,30,42,1497154,1946300
COCORNÁ,DESTINO,88,0,,"Med,Santuario",12 PX,12,12,725184,1032676
COCORNÁ,DESTINO,88,0,,"Med,Santuario",14 PX,14,14,795363,1132613
COCORNÁ,DESTINO,88,0,,"Med,Santuario",16 PX,16,16,865542,1232549
COCORNÁ,DESTINO,88,0,,"Med,Santuario",19 PX,19,19,970811,1262054
COCORNÁ,DESTINO,88,0,,"Med,Santuario",22-25 PX,22,25,1251527,1626985
COCORNÁ,DESTINO,88,0,,"Med,Santuario",30-42 PX,30,42,1368492,1779040
CONCEPCION,DESTINO,71,0,20,"Med,Guarne,San Vicente,Otra via Barbosa.20 Kms dest",12 PX,12,12,807059,1149269
CONCEPCION,DESTINO,71,0,20,"Med,Guarne,San Vicente,Otra via Barbosa.20 Kms dest",14 PX,14,14,876069,1247540
CONCEPCION,DESTINO,71,0,20,"Med,Guarne,San Vicente,Otra via Barbosa.20 Kms dest",16 PX,16,16,982507,1399110
CONCEPCION,DESTINO,71,0,20,"Med,Guarne,San Vicente,Otra via Barbosa.20 Kms dest",19 PX,19,19,1146258,1490136
CONCEPCION,DESTINO,71,0,20,"Med,Guarne,San Vicente,Otra via Barbosa.20 Kms dest",22-25 PX,22,25,1333402,1733423
CONCEPCION,DESTINO,71,0,20,"Med,Guarne,San Vicente,Otra via Barbosa.20 Kms dest",30-42 PX,30,42,1520547,1976711
CONCORDIA,DESTINO,105,0,,"Med,Caldas,Amaga,Bolombol o",12 PX,12,12,935721,1332485
CONCORDIA,DESTINO,105,0,,"Med,Caldas,Amaga,Bolombol o",14 PX,14,14,982507,1399110
CONCORDIA,DESTINO,105,0,,"Med,Caldas,Amaga,Bolombol o",16 PX,16,16,1052686,1499046
CONCORDIA,DESTINO,105,0,,"Med,Caldas,Amaga,Bolombol o",19 PX,19,19,1169651,1520547
CONCORDIA,DESTINO,105,0,,"Med,Caldas,Amaga,Bolombol o",22-25 PX,22,25,1310009,1703012
CONCORDIA,DESTINO,105,0,,"Med,Caldas,Amaga,Bolombol o",30-42 PX,30,42,1426975,1855067
COPACABANA,DESTINO,18,0,,"Med, Bello, Autopista Norte",12 PX,12,12,339199,483026
COPACABANA,DESTINO,18,0,,"Med, Bello, Autopista Norte",14 PX,14,14,385985,549650
COPACABANA,DESTINO,18,0,,"Med, Bello, Autopista Norte",16 PX,16,16,432771,616275
COPACABANA,DESTINO,18,0,,"Med, Bello, Autopista Norte",19 PX,19,19,467861,608219
COPACABANA,DESTINO,18,0,,"Med, Bello, Autopista Norte",22-25 PX,22,25,514647,669041
COPACABANA,DESTINO,18,0,,"Med, Bello, Autopista Norte",30-42 PX,30,42,701791,912328
COROZAL,DESTINO,465,0,,"Med, Don Matias Yarumal, Costa Atlantica",12 PX,12,12,3380292,4813604
COROZAL,DESTINO,465,0,,"Med, Don Matias Yarumal, Costa Atlantica",14 PX,14,14,3625919,5163381
COROZAL,DESTINO,465,0,,"Med, Don Matias Yarumal, Costa Atlantica",16 PX,16,16,3742884,5329942
COROZAL,DESTINO,465,0,,"Med, Don Matias Yarumal, Costa Atlantica",19 PX,19,19,4327710,5626023
COROZAL,DESTINO,465,0,,"Med, Don Matias Yarumal, Costa Atlantica",22-25 PX,22,25,4854053,6310269
COROZAL,DESTINO,465,0,,"Med, Don Matias Yarumal, Costa Atlantica",30-42 PX,30,42,5427182,7055337
COVEÑAS TOLÚ,DESTINO,500,0,,"Med, Caucasia, Monteria",12 PX,12,12,4374496,6229370
COVEÑAS TOLÚ,DESTINO,500,0,,"Med, Caucasia, Monteria",14 PX,14,14,4631819,6595803
COVEÑAS TOLÚ,DESTINO,500,0,,"Med, Caucasia, Monteria",16 PX,16,16,5204948,7411950
COVEÑAS TOLÚ,DESTINO,500,0,,"Med, Caucasia, Monteria",19 PX,19,19,5778077,7511501
COVEÑAS TOLÚ,DESTINO,500,0,,"Med, Caucasia, Monteria",22-25 PX,22,25,5965222,7754788
COVEÑAS TOLÚ,DESTINO,500,0,,"Med, Caucasia, Monteria",30-42 PX,30,42,6245938,8119719
CUCUTA,DESTINO,741,0,,"Med, Pto Boyacá, Pto Araujo, Bucaramanga",12 PX,12,12,4725391,6729052
CUCUTA,DESTINO,741,0,,"Med, Pto Boyacá, Pto Araujo, Bucaramanga",14 PX,14,14,4912535,6995549
CUCUTA,DESTINO,741,0,,"Med, Pto Boyacá, Pto Araujo, Bucaramanga",16 PX,16,16,5380396,7661792
CUCUTA,DESTINO,741,0,,"Med, Pto Boyacá, Pto Araujo, Bucaramanga",19 PX,19,19,5614326,7298624
CUCUTA,DESTINO,741,0,,"Med, Pto Boyacá, Pto Araujo, Bucaramanga",22-25 PX,22,25,5871650,7633144
CUCUTA,DESTINO,741,0,,"Med, Pto Boyacá, Pto Araujo, Bucaramanga",30-42 PX,30,42,6433082,8363007
DABEIBA,DESTINO,182,0,,"Med,S Jeronimo, cañas gordas",12 PX,12,12,1801263,2565035
DABEIBA,DESTINO,182,0,,"Med,S Jeronimo, cañas gordas",14 PX,14,14,1871442,2664971
DABEIBA,DESTINO,182,0,,"Med,S Jeronimo, cañas gordas",16 PX,16,16,1988407,2831532
DABEIBA,DESTINO,182,0,,"Med,S Jeronimo, cañas gordas",19 PX,19,19,2128765,2767395
DABEIBA,DESTINO,182,0,,"Med,S Jeronimo, cañas gordas",22-25 PX,22,25,2538143,3299586
DABEIBA,DESTINO,182,0,,"Med,S Jeronimo, cañas gordas",30-42 PX,30,42,2994307,3892600
DON MATIAS,DESTINO,54,0,,"Med,Girardota,Otra via San pedro,Entrerrios",12 PX,12,12,596522,849459
DON MATIAS,DESTINO,54,0,,"Med,Girardota,Otra via San pedro,Entrerrios",14 PX,14,14,701791,999364
DON MATIAS,DESTINO,54,0,,"Med,Girardota,Otra via San pedro,Entrerrios",16 PX,16,16,842149,1199237
DON MATIAS,DESTINO,54,0,,"Med,Girardota,Otra via San pedro,Entrerrios",19 PX,19,19,959114,1246848
DON MATIAS,DESTINO,54,0,,"Med,Girardota,Otra via San pedro,Entrerrios",22-25 PX,22,25,1076079,1398903
DON MATIAS,DESTINO,54,0,,"Med,Girardota,Otra via San pedro,Entrerrios",30-42 PX,30,42,1111169,1444519
DORADAL,DESTINO,166,0,,"Med, Barbosa, Pto Triunfo",12 PX,12,12,1403582,1998728
DORADAL,DESTINO,166,0,,"Med, Barbosa, Pto Triunfo",14 PX,14,14,1520547,2165289
DORADAL,DESTINO,166,0,,"Med, Barbosa, Pto Triunfo",16 PX,16,16,1684298,2398474
DORADAL,DESTINO,166,0,,"Med, Barbosa, Pto Triunfo",19 PX,19,19,1894835,2463286
DORADAL,DESTINO,166,0,,"Med, Barbosa, Pto Triunfo",22-25 PX,22,25,2538143,3299586
DORADAL,DESTINO,166,0,,"Med, Barbosa, Pto Triunfo",30-42 PX,30,42,3158059,4105476
EBEJICO,DESTINO,62,0,20,"Med,Boqueron,Palmitas.20 Kms dest",12 PX,12,12,666701,949396
EBEJICO,DESTINO,62,0,20,"Med,Boqueron,Palmitas.20 Kms dest",14 PX,14,14,748577,1065988
EBEJICO,DESTINO,62,0,20,"Med,Boqueron,Palmitas.20 Kms dest",16 PX,16,16,853845,1215893
EBEJICO,DESTINO,62,0,20,"Med,Boqueron,Palmitas.20 Kms dest",19 PX,19,19,982507,1277259
EBEJICO,DESTINO,62,0,20,"Med,Boqueron,Palmitas.20 Kms dest",22-25 PX,22,25,1146258,1490136
EBEJICO,DESTINO,62,0,20,"Med,Boqueron,Palmitas.20 Kms dest",30-42 PX,30,42,1450368,1885478
ECUADOR (QUITO),DESTINO,1599,1,,"Med, Pasto-Ipiales, Quito",12 PX,12,12,10339718,14723965
ECUADOR (QUITO),DESTINO,1599,1,,"Med, Pasto-Ipiales, Quito",14 PX,14,14,11345618,16156386
ECUADOR (QUITO),DESTINO,1599,1,,"Med, Pasto-Ipiales, Quito",16 PX,16,16,12632234,17988554
ECUADOR (QUITO),DESTINO,1599,1,,"Med, Pasto-Ipiales, Quito",19 PX,19,19,13708313,17820807
ECUADOR (QUITO),DESTINO,1599,1,,"Med, Pasto-Ipiales, Quito",22-25 PX,22,25,14854572,19310943
ECUADOR (QUITO),DESTINO,1599,1,,"Med, Pasto-Ipiales, Quito",30-42 PX,30,42,15205467,19767107
EJE CAFETERO,DESTINO,508,1,,"Armenia, Quindio, Montenegro",12 PX,12,12,3380292,4813604
EJE CAFETERO,DESTINO,508,1,,"Armenia, Quindio, Montenegro",14 PX,14,14,3859849,5496503
EJE CAFETERO,DESTINO,508,1,,"Armenia, Quindio, Montenegro",16 PX,16,16,4245834,6046153
EJE CAFETERO,DESTINO,508,1,,"Armenia, Quindio, Montenegro",19 PX,19,19,4514854,5869310
EJE CAFETERO,DESTINO,508,1,,"Armenia, Quindio, Montenegro",22-25 PX,22,25,4900839,6371091
EJE CAFETERO,DESTINO,508,1,,"Armenia, Quindio, Montenegro",30-42 PX,30,42,5754684,7481090
EL BAGRE,DESTINO,286,0,,"Cisneros, Segovia, Zaragoza",12 PX,12,12,2832895,4034100
EL BAGRE,DESTINO,286,0,,"Cisneros, Segovia, Zaragoza",14 PX,14,14,3041093,4330578
EL BAGRE,DESTINO,286,0,,"Cisneros, Segovia, Zaragoza",16 PX,16,16,3275024,4663699
EL BAGRE,DESTINO,286,0,,"Cisneros, Segovia, Zaragoza",19 PX,19,19,3508954,4561640
EL BAGRE,DESTINO,286,0,,"Cisneros, Segovia, Zaragoza",22-25 PX,22,25,3918332,5093831
EL BAGRE,DESTINO,286,0,,"Cisneros, Segovia, Zaragoza",30-42 PX,30,42,4444675,5778077
EL PEÑOL,DESTINO,69,0,,"Med,Guarne,Marinilla",12 PX,12,12,596522,849459
EL PEÑOL,DESTINO,69,0,,"Med,Guarne,Marinilla",14 PX,14,14,655005,932740
EL PEÑOL,DESTINO,69,0,,"Med,Guarne,Marinilla",16 PX,16,16,760273,1082644
EL PEÑOL,DESTINO,69,0,,"Med,Guarne,Marinilla",19 PX,19,19,818756,1064383
EL PEÑOL,DESTINO,69,0,,"Med,Guarne,Marinilla",22-25 PX,22,25,935721,1216437
EL PEÑOL,DESTINO,69,0,,"Med,Guarne,Marinilla",30-42 PX,30,42,1099472,1429314
EL RETIRO,DESTINO,33,0,,"Med, Represa la fe",12 PX,12,12,502950,716211
EL RETIRO,DESTINO,33,0,,"Med, Represa la fe",14 PX,14,14,538040,766179
EL RETIRO,DESTINO,33,0,,"Med, Represa la fe",16 PX,16,16,619915,882772
EL RETIRO,DESTINO,33,0,,"Med, Represa la fe",19 PX,19,19,701791,912328
EL RETIRO,DESTINO,33,0,,"Med, Represa la fe",22-25 PX,22,25,818756,1064383
EL RETIRO,DESTINO,33,0,,"Med, Represa la fe",30-42 PX,30,42,865542,1125205
EL SANTUARIO,DESTINO,59,0,,"Med,Guarne,Marinilla",12 PX,12,12,514647,732867
EL SANTUARIO,DESTINO,59,0,,"Med,Guarne,Marinilla",14 PX,14,14,584826,832803
EL SANTUARIO,DESTINO,59,0,,"Med,Guarne,Marinilla",16 PX,16,16,655005,932740
EL SANTUARIO,DESTINO,59,0,,"Med,Guarne,Marinilla",19 PX,19,19,748577,973150
EL SANTUARIO,DESTINO,59,0,,"Med,Guarne,Marinilla",22-25 PX,22,25,865542,1125205
EL SANTUARIO,DESTINO,59,0,,"Med,Guarne,Marinilla",30-42 PX,30,42,982507,1277259
ENTRERRIOS,DESTINO,58,0,,"Med, San Pedro",12 PX,12,12,596522,849459
ENTRERRIOS,DESTINO,58,0,,"Med, San Pedro",14 PX,14,14,655005,932740
ENTRERRIOS,DESTINO,58,0,,"Med, San Pedro",16 PX,16,16,701791,999364
ENTRERRIOS,DESTINO,58,0,,"Med, San Pedro",19 PX,19,19,748577,973150
ENTRERRIOS,DESTINO,58,0,,"Med, San Pedro",22-25 PX,22,25,842149,1094794
ENTRERRIOS,DESTINO,58,0,,"Med, San Pedro",30-42 PX,30,42,935721,1216437
ENVIGADO,DESTINO,20,0,,Medellín,12 PX,12,12,187144,266497
ENVIGADO,DESTINO,20,0,,Medellín,14 PX,14,14,210537,299809
ENVIGADO,DESTINO,20,0,,Medellín,16 PX,16,16,233930,333121
ENVIGADO,DESTINO,20,0,,Medellín,19 PX,19,19,257323,334520
ENVIGADO,DESTINO,20,0,,Medellín,22-25 PX,22,25,280716,364931
ENVIGADO,DESTINO,20,0,,Medellín,30-42 PX,30,42,350895,456164
ESPINAL,DESTINO,630,0,,"Med, Pto Triunfo, Honda, Ibague",12 PX,12,12,5263431,7495231
ESPINAL,DESTINO,630,0,,"Med, Pto Triunfo, Honda, Ibague",14 PX,14,14,5672809,8078193
ESPINAL,DESTINO,630,0,,"Med, Pto Triunfo, Honda, Ibague",16 PX,16,16,6082187,8661156
ESPINAL,DESTINO,630,0,,"Med, Pto Triunfo, Honda, Ibague",19 PX,19,19,6433082,8363007
ESPINAL,DESTINO,630,0,,"Med, Pto Triunfo, Honda, Ibague",22-25 PX,22,25,7275231,9457800
ESPINAL,DESTINO,630,0,,"Med, Pto Triunfo, Honda, Ibague",30-42 PX,30,42,8058898,10476567
FIZEBAD-REPRESA,DESTINO,33,0,,Oriente Antioqueño,12 PX,12,12,491254,699555
FIZEBAD-REPRESA,DESTINO,33,0,,Oriente Antioqueño,14 PX,14,14,514647,732867
FIZEBAD-REPRESA,DESTINO,33,0,,Oriente Antioqueño,16 PX,16,16,584826,832803
FIZEBAD-REPRESA,DESTINO,33,0,,Oriente Antioqueño,19 PX,19,19,655005,851506
FIZEBAD-REPRESA,DESTINO,33,0,,Oriente Antioqueño,22-25 PX,22,25,748577,973150
FIZEBAD-REPRESA,DESTINO,33,0,,Oriente Antioqueño,30-42 PX,30,42,818756,1064383
FLORENCIA,DESTINO,860,0,,"Med, Pto Triunfo, Ibagué, Neiva",12 PX,12,12,5848257,8328034
FLORENCIA,DESTINO,860,0,,"Med, Pto Triunfo, Ibagué, Neiva",14 PX,14,14,6433082,9160838
FLORENCIA,DESTINO,860,0,,"Med, Pto Triunfo, Ibagué, Neiva",16 PX,16,16,6783978,9660520
FLORENCIA,DESTINO,860,0,,"Med, Pto Triunfo, Ibagué, Neiva",19 PX,19,19,7310321,9503417
FLORENCIA,DESTINO,860,0,,"Med, Pto Triunfo, Ibagué, Neiva",22-25 PX,22,25,7836664,10187663
FLORENCIA,DESTINO,860,0,,"Med, Pto Triunfo, Ibagué, Neiva",30-42 PX,30,42,8421489,10947936
FREDONIA,DESTINO,58,0,,"Med,Caldas,Camiloce",12 PX,12,12,666701,949396
FREDONIA,DESTINO,58,0,,"Med,Caldas,Camiloce",14 PX,14,14,748577,1065988
FREDONIA,DESTINO,58,0,,"Med,Caldas,Camiloce",16 PX,16,16,842149,1199237
FREDONIA,DESTINO,58,0,,"Med,Caldas,Camiloce",19 PX,19,19,947418,1231643
FREDONIA,DESTINO,58,0,,"Med,Caldas,Camiloce",22-25 PX,22,25,1134562,1474930
FREDONIA,DESTINO,58,0,,"Med,Caldas,Camiloce",30-42 PX,30,42,1169651,1520547
FRONTINO,DESTINO,182,0,,"Med,S jeronimo, Cañas gordas",12 PX,12,12,1520547,2165289
FRONTINO,DESTINO,182,0,,"Med,S jeronimo, Cañas gordas",14 PX,14,14,1590726,2265225
FRONTINO,DESTINO,182,0,,"Med,S jeronimo, Cañas gordas",16 PX,16,16,1684298,2398474
FRONTINO,DESTINO,182,0,,"Med,S jeronimo, Cañas gordas",19 PX,19,19,1848049,2402464
FRONTINO,DESTINO,182,0,,"Med,S jeronimo, Cañas gordas",22-25 PX,22,25,2070283,2691368
FRONTINO,DESTINO,182,0,,"Med,S jeronimo, Cañas gordas",30-42 PX,30,42,2535804,3296545
GIRALDO,DESTINO,117,0,5,"Med,San jeronimo,Antioquia.5Kmdest",12 PX,12,12,1169651,1665607
GIRALDO,DESTINO,117,0,5,"Med,San jeronimo,Antioquia.5Kmdest",14 PX,14,14,1216437,1732231
GIRALDO,DESTINO,117,0,5,"Med,San jeronimo,Antioquia.5Kmdest",16 PX,16,16,1310009,1865480
GIRALDO,DESTINO,117,0,5,"Med,San jeronimo,Antioquia.5Kmdest",19 PX,19,19,1473761,1915889
GIRALDO,DESTINO,117,0,5,"Med,San jeronimo,Antioquia.5Kmdest",22-25 PX,22,25,1684298,2189587
GIRALDO,DESTINO,117,0,5,"Med,San jeronimo,Antioquia.5Kmdest",30-42 PX,30,42,2229355,2898162
GIRARDOTA,DESTINO,28,0,,"Med, Bello, Copacabana",12 PX,12,12,421074,599618
GIRARDOTA,DESTINO,28,0,,"Med, Bello, Copacabana",14 PX,14,14,467861,666243
GIRARDOTA,DESTINO,28,0,,"Med, Bello, Copacabana",16 PX,16,16,502950,716211
GIRARDOTA,DESTINO,28,0,,"Med, Bello, Copacabana",19 PX,19,19,549736,714657
GIRARDOTA,DESTINO,28,0,,"Med, Bello, Copacabana",22-25 PX,22,25,619915,805890
GIRARDOTA,DESTINO,28,0,,"Med, Bello, Copacabana",30-42 PX,30,42,666701,866712
GIRARDOT MELGAR,DESTINO,590,0,,"Med, Pto Triunfo, Honda, Ibagué, Espinal",12 PX,12,12,3789670,5396566
GIRARDOT MELGAR,DESTINO,590,0,,"Med, Pto Triunfo, Honda, Ibagué, Espinal",14 PX,14,14,3976814,5663063
GIRARDOT MELGAR,DESTINO,590,0,,"Med, Pto Triunfo, Honda, Ibagué, Espinal",16 PX,16,16,4210745,5996185
GIRARDOT MELGAR,DESTINO,590,0,,"Med, Pto Triunfo, Honda, Ibagué, Espinal",19 PX,19,19,4514854,5869310
GIRARDOT MELGAR,DESTINO,590,0,,"Med, Pto Triunfo, Honda, Ibagué, Espinal",22-25 PX,22,25,5041197,6553556
GIRARDOT MELGAR,DESTINO,590,0,,"Med, Pto Triunfo, Honda, Ibagué, Espinal",30-42 PX,30,42,5345306,6948898
GOMEZ PLATA,DESTINO,98,0,25,"Med,Barbosa,Porce,25 Kms dest",12 PX,12,12,701791,999364
GOMEZ PLATA,DESTINO,98,0,25,"Med,Barbosa,Porce,25 Kms dest",14 PX,14,14,748577,1065988
GOMEZ PLATA,DESTINO,98,0,25,"Med,Barbosa,Porce,25 Kms dest",16 PX,16,16,935721,1332485
GOMEZ PLATA,DESTINO,98,0,25,"Med,Barbosa,Porce,25 Kms dest",19 PX,19,19,1169651,1520547
GOMEZ PLATA,DESTINO,98,0,25,"Med,Barbosa,Porce,25 Kms dest",22-25 PX,22,25,1450368,1885478
GOMEZ PLATA,DESTINO,98,0,25,"Med,Barbosa,Porce,25 Kms dest",30-42 PX,30,42,1766173,2296026
GRANADA,DESTINO,77,0,,"Med,Guarne,Marinilla,Santuari o,Otra autopista med-bog",12 PX,12,12,666701,949396
GRANADA,DESTINO,77,0,,"Med,Guarne,Marinilla,Santuari o,Otra autopista med-bog",14 PX,14,14,701791,999364
GRANADA,DESTINO,77,0,,"Med,Guarne,Marinilla,Santuari o,Otra autopista med-bog",16 PX,16,16,760273,1082644
GRANADA,DESTINO,77,0,,"Med,Guarne,Marinilla,Santuari o,Otra autopista med-bog",19 PX,19,19,818756,1064383
GRANADA,DESTINO,77,0,,"Med,Guarne,Marinilla,Santuari o,Otra autopista med-bog",22-25 PX,22,25,982507,1277259
GRANADA,DESTINO,77,0,,"Med,Guarne,Marinilla,Santuari o,Otra autopista med-bog",30-42 PX,30,42,1122865,1459725
GUADALUPE,DESTINO,132,0,65,"Med,Barbosa,Gomez plata,Carolina.65 Kms dest",12 PX,12,12,1368492,1948760
GUADALUPE,DESTINO,132,0,65,"Med,Barbosa,Gomez plata,Carolina.65 Kms dest",14 PX,14,14,1473761,2098665
GUADALUPE,DESTINO,132,0,65,"Med,Barbosa,Gomez plata,Carolina.65 Kms dest",16 PX,16,16,1555636,2215257
GUADALUPE,DESTINO,132,0,65,"Med,Barbosa,Gomez plata,Carolina.65 Kms dest",19 PX,19,19,1637512,2128765
GUADALUPE,DESTINO,132,0,65,"Med,Barbosa,Gomez plata,Carolina.65 Kms dest",22-25 PX,22,25,1777870,2311231
GUADALUPE,DESTINO,132,0,65,"Med,Barbosa,Gomez plata,Carolina.65 Kms dest",30-42 PX,30,42,1920567,2496738
GUADUAS,DESTINO,308,0,,"Honda, Aguadas",12 PX,12,12,2292517,3264589
GUADUAS,DESTINO,308,0,,"Honda, Aguadas",14 PX,14,14,2690198,3830896
GUADUAS,DESTINO,308,0,,"Honda, Aguadas",16 PX,16,16,2853949,4064081
GUADUAS,DESTINO,308,0,,"Honda, Aguadas",19 PX,19,19,3275024,4257531
GUADUAS,DESTINO,308,0,,"Honda, Aguadas",22-25 PX,22,25,3637616,4728900
GUADUAS,DESTINO,308,0,,"Honda, Aguadas",30-42 PX,30,42,3972136,5163777
GUARNE,DESTINO,25,0,,"Med,Autopista Med-Bogota",12 PX,12,12,397681,566306
GUARNE,DESTINO,25,0,,"Med,Autopista Med-Bogota",14 PX,14,14,456164,649587
GUARNE,DESTINO,25,0,,"Med,Autopista Med-Bogota",16 PX,16,16,502950,716211
GUARNE,DESTINO,25,0,,"Med,Autopista Med-Bogota",19 PX,19,19,573129,745068
GUARNE,DESTINO,25,0,,"Med,Autopista Med-Bogota",22-25 PX,22,25,608219,790684
GUARNE,DESTINO,25,0,,"Med,Autopista Med-Bogota",30-42 PX,30,42,643308,836301
GUATAPÉ,DESTINO,79,0,,"Med, Guarne, Marinilla, Peñol",12 PX,12,12,701791,999364
GUATAPÉ,DESTINO,79,0,,"Med, Guarne, Marinilla, Peñol",14 PX,14,14,760273,1082644
GUATAPÉ,DESTINO,79,0,,"Med, Guarne, Marinilla, Peñol",16 PX,16,16,912328,1299173
GUATAPÉ,DESTINO,79,0,,"Med, Guarne, Marinilla, Peñol",19 PX,19,19,1029293,1338081
GUATAPÉ,DESTINO,79,0,,"Med, Guarne, Marinilla, Peñol",22-25 PX,22,25,1169651,1520547
GUATAPÉ,DESTINO,79,0,,"Med, Guarne, Marinilla, Peñol",30-42 PX,30,42,1216437,1581369
HATILLO,DESTINO,35,0,,"Med, Copacabana, Girardota",12 PX,12,12,397681,566306
HATILLO,DESTINO,35,0,,"Med, Copacabana, Girardota",14 PX,14,14,432771,616275
HATILLO,DESTINO,35,0,,"Med, Copacabana, Girardota",16 PX,16,16,491254,699555
HATILLO,DESTINO,35,0,,"Med, Copacabana, Girardota",19 PX,19,19,549736,714657
HATILLO,DESTINO,35,0,,"Med, Copacabana, Girardota",22-25 PX,22,25,643308,836301
HATILLO,DESTINO,35,0,,"Med, Copacabana, Girardota",30-42 PX,30,42,701791,912328
HELICONIA,DESTINO,43,0,12,"Med,San ant de prado.12 Kms dest",12 PX,12,12,491254,699555
HELICONIA,DESTINO,43,0,12,"Med,San ant de prado.12 Kms dest",14 PX,14,14,538040,766179
HELICONIA,DESTINO,43,0,12,"Med,San ant de prado.12 Kms dest",16 PX,16,16,619915,882772
HELICONIA,DESTINO,43,0,12,"Med,San ant de prado.12 Kms dest",19 PX,19,19,690094,897123
HELICONIA,DESTINO,43,0,12,"Med,San ant de prado.12 Kms dest",22-25 PX,22,25,771970,1003561
HELICONIA,DESTINO,43,0,12,"Med,San ant de prado.12 Kms dest",30-42 PX,30,42,947418,1231643
HISPANIA,DESTINO,99,0,,"Med,Bolombolo,Remolinos",12 PX,12,12,959114,1365798
HISPANIA,DESTINO,99,0,,"Med,Bolombolo,Remolinos",14 PX,14,14,994204,1415766
HISPANIA,DESTINO,99,0,,"Med,Bolombolo,Remolinos",16 PX,16,16,1052686,1499046
HISPANIA,DESTINO,99,0,,"Med,Bolombolo,Remolinos",19 PX,19,19,1216437,1581369
HISPANIA,DESTINO,99,0,,"Med,Bolombolo,Remolinos",22-25 PX,22,25,1403582,1824656
HISPANIA,DESTINO,99,0,,"Med,Bolombolo,Remolinos",30-42 PX,30,42,1695994,2204793
HONDA,DESTINO,280,0,,"Med, Pto Triunfo, La Dorada",12 PX,12,12,2105372,2998092
HONDA,DESTINO,280,0,,"Med, Pto Triunfo, La Dorada",14 PX,14,14,2339303,3331214
HONDA,DESTINO,280,0,,"Med, Pto Triunfo, La Dorada",16 PX,16,16,2690198,3830896
HONDA,DESTINO,280,0,,"Med, Pto Triunfo, La Dorada",19 PX,19,19,3087879,4014243
HONDA,DESTINO,280,0,,"Med, Pto Triunfo, La Dorada",22-25 PX,22,25,3415382,4439996
HONDA,DESTINO,280,0,,"Med, Pto Triunfo, La Dorada",30-42 PX,30,42,3391989,4409585
HORA DIURNA,POR_HORA,,0,,Area Metropolitana,12 PX,12,12,93572,133249
HORA DIURNA,POR_HORA,,0,,Area Metropolitana,14 PX,14,14,93572,133249
HORA DIURNA,POR_HORA,,0,,Area Metropolitana,16 PX,16,16,93572,133249
HORA DIURNA,POR_HORA,,0,,Area Metropolitana,19 PX,19,19,93572,121644
HORA DIURNA,POR_HORA,,0,,Area Metropolitana,22-25 PX,22,25,93572,121644
HORA DIURNA,POR_HORA,,0,,Area Metropolitana,30-42 PX,30,42,93572,121644
HORA NOCTURNA,POR_HORA,,0,,Area Metropolitana,12 PX,12,12,105269,149905
HORA NOCTURNA,POR_HORA,,0,,Area Metropolitana,14 PX,14,14,116965,166561
HORA NOCTURNA,POR_HORA,,0,,Area Metropolitana,16 PX,16,16,116965,166561
HORA NOCTURNA,POR_HORA,,0,,Area Metropolitana,19 PX,19,19,116965,152055
HORA NOCTURNA,POR_HORA,,0,,Area Metropolitana,22-25 PX,22,25,116965,152055
HORA NOCTURNA,POR_HORA,,0,,Area Metropolitana,30-42 PX,30,42,116965,152055
IBAGUÉ,DESTINO,420,0,,"Med, Pto Triunfo, Honda, Guayabal",12 PX,12,12,3041093,4330578
IBAGUÉ,DESTINO,420,0,,"Med, Pto Triunfo, Honda, Guayabal",14 PX,14,14,3391989,4830260
IBAGUÉ,DESTINO,420,0,,"Med, Pto Triunfo, Honda, Guayabal",16 PX,16,16,3508954,4996821
IBAGUÉ,DESTINO,420,0,,"Med, Pto Triunfo, Honda, Guayabal",19 PX,19,19,3859849,5017804
IBAGUÉ,DESTINO,420,0,,"Med, Pto Triunfo, Honda, Guayabal",22-25 PX,22,25,4210745,5473968
IBAGUÉ,DESTINO,420,0,,"Med, Pto Triunfo, Honda, Guayabal",30-42 PX,30,42,4889142,6355885
IPIALES,DESTINO,930,0,,"Med, Pereira, Cali, Popayan, Pasto",12 PX,12,12,5848257,8328034
IPIALES,DESTINO,930,0,,"Med, Pereira, Cali, Popayan, Pasto",14 PX,14,14,6409689,9127526
IPIALES,DESTINO,930,0,,"Med, Pereira, Cali, Popayan, Pasto",16 PX,16,16,7041301,10026953
IPIALES,DESTINO,930,0,,"Med, Pereira, Cali, Popayan, Pasto",19 PX,19,19,7836664,10187663
IPIALES,DESTINO,930,0,,"Med, Pereira, Cali, Popayan, Pasto",22-25 PX,22,25,8889350,11556155
IPIALES,DESTINO,930,0,,"Med, Pereira, Cali, Popayan, Pasto",30-42 PX,30,42,9825071,12772592
ITAGUI,DESTINO,22,0,,Medellín,12 PX,12,12,257323,366434
ITAGUI,DESTINO,22,0,,Medellín,14 PX,14,14,269020,383090
ITAGUI,DESTINO,22,0,,Medellín,16 PX,16,16,339199,483026
ITAGUI,DESTINO,22,0,,Medellín,19 PX,19,19,350895,456164
ITAGUI,DESTINO,22,0,,Medellín,22-25 PX,22,25,385985,501780
ITAGUI,DESTINO,22,0,,Medellín,30-42 PX,30,42,421728,548246
ITUANGO,DESTINO,193,0,,"San Jose de la Montaña, San Ándres de Cuerquia",12 PX,12,12,1520547,2165289
ITUANGO,DESTINO,193,0,,"San Jose de la Montaña, San Ándres de Cuerquia",14 PX,14,14,1602422,2281881
ITUANGO,DESTINO,193,0,,"San Jose de la Montaña, San Ándres de Cuerquia",16 PX,16,16,1731084,2465098
ITUANGO,DESTINO,193,0,,"San Jose de la Montaña, San Ándres de Cuerquia",19 PX,19,19,1906532,2478491
ITUANGO,DESTINO,193,0,,"San Jose de la Montaña, San Ándres de Cuerquia",22-25 PX,22,25,2222337,2889039
ITUANGO,DESTINO,193,0,,"San Jose de la Montaña, San Ándres de Cuerquia",30-42 PX,30,42,2774413,3606737
JARDIN,DESTINO,143,0,,"Med,Amaga,Bolombolo,Andes",12 PX,12,12,1239830,1765543
JARDIN,DESTINO,143,0,,"Med,Amaga,Bolombolo,Andes",14 PX,14,14,1321706,1882136
JARDIN,DESTINO,143,0,,"Med,Amaga,Bolombolo,Andes",16 PX,16,16,1426975,2032040
JARDIN,DESTINO,143,0,,"Med,Amaga,Bolombolo,Andes",19 PX,19,19,1567333,2037533
JARDIN,DESTINO,143,0,,"Med,Amaga,Bolombolo,Andes",22-25 PX,22,25,1731084,2250409
JARDIN,DESTINO,143,0,,"Med,Amaga,Bolombolo,Andes",30-42 PX,30,42,1824656,2372053
JERICO,DESTINO,104,0,,"Med,Amaga, Fredonia, Pte iglesias ,Otra Bolombolo 15 Km",12 PX,12,12,853845,1215893
JERICO,DESTINO,104,0,,"Med,Amaga, Fredonia, Pte iglesias ,Otra Bolombolo 15 Km",14 PX,14,14,888935,1265861
JERICO,DESTINO,104,0,,"Med,Amaga, Fredonia, Pte iglesias ,Otra Bolombolo 15 Km",16 PX,16,16,959114,1365798
JERICO,DESTINO,104,0,,"Med,Amaga, Fredonia, Pte iglesias ,Otra Bolombolo 15 Km",19 PX,19,19,1052686,1368492
JERICO,DESTINO,104,0,,"Med,Amaga, Fredonia, Pte iglesias ,Otra Bolombolo 15 Km",22-25 PX,22,25,1169651,1520547
JERICO,DESTINO,104,0,,"Med,Amaga, Fredonia, Pte iglesias ,Otra Bolombolo 15 Km",30-42 PX,30,42,1424635,1852026
LA APARTADA,DESTINO,234,0,,Medellín,12 PX,12,12,1637512,2331850
LA APARTADA,DESTINO,234,0,,Medellín,14 PX,14,14,1754477,2498410
LA APARTADA,DESTINO,234,0,,Medellín,16 PX,16,16,1906532,2714939
LA APARTADA,DESTINO,234,0,,Medellín,19 PX,19,19,2152158,2797806
LA APARTADA,DESTINO,234,0,,Medellín,22-25 PX,22,25,2900735,3770956
LA APARTADA,DESTINO,234,0,,Medellín,30-42 PX,30,42,3167416,4117640
LA CEJA (QUIRAMA),DESTINO,41,0,,"Med, Represa la fe,Don Diego",12 PX,12,12,538040,766179
LA CEJA (QUIRAMA),DESTINO,41,0,,"Med, Represa la fe,Don Diego",14 PX,14,14,596522,849459
LA CEJA (QUIRAMA),DESTINO,41,0,,"Med, Represa la fe,Don Diego",16 PX,16,16,655005,932740
LA CEJA (QUIRAMA),DESTINO,41,0,,"Med, Represa la fe,Don Diego",19 PX,19,19,701791,912328
LA CEJA (QUIRAMA),DESTINO,41,0,,"Med, Represa la fe,Don Diego",22-25 PX,22,25,795363,1033972
LA CEJA (QUIRAMA),DESTINO,41,0,,"Med, Represa la fe,Don Diego",30-42 PX,30,42,795363,1033972
LA DORADA,DESTINO,258,0,,"Med, Pto Triunfo",12 PX,12,12,2222337,3164653
LA DORADA,DESTINO,258,0,,"Med, Pto Triunfo",14 PX,14,14,2432875,3464462
LA DORADA,DESTINO,258,0,,"Med, Pto Triunfo",16 PX,16,16,2690198,3830896
LA DORADA,DESTINO,258,0,,"Med, Pto Triunfo",19 PX,19,19,2725288,3542874
LA DORADA,DESTINO,258,0,,"Med, Pto Triunfo",22-25 PX,22,25,2924128,3801367
LA DORADA,DESTINO,258,0,,"Med, Pto Triunfo",30-42 PX,30,42,3462168,4500818
LA ESTRELLA,DESTINO,28,0,,"Med, Autopista Sur",12 PX,12,12,257323,366434
LA ESTRELLA,DESTINO,28,0,,"Med, Autopista Sur",14 PX,14,14,269020,383090
LA ESTRELLA,DESTINO,28,0,,"Med, Autopista Sur",16 PX,16,16,280716,399746
LA ESTRELLA,DESTINO,28,0,,"Med, Autopista Sur",19 PX,19,19,304109,395342
LA ESTRELLA,DESTINO,28,0,,"Med, Autopista Sur",22-25 PX,22,25,350895,456164
LA ESTRELLA,DESTINO,28,0,,"Med, Autopista Sur",30-42 PX,30,42,432771,562602
LA FELISA,DESTINO,127,0,,"Med, Versalles, Sta Barbara, Pintada",12 PX,12,12,888935,1265861
LA FELISA,DESTINO,127,0,,"Med, Versalles, Sta Barbara, Pintada",14 PX,14,14,982507,1399110
LA FELISA,DESTINO,127,0,,"Med, Versalles, Sta Barbara, Pintada",16 PX,16,16,1040990,1482390
LA FELISA,DESTINO,127,0,,"Med, Versalles, Sta Barbara, Pintada",19 PX,19,19,1122865,1459725
LA FELISA,DESTINO,127,0,,"Med, Versalles, Sta Barbara, Pintada",22-25 PX,22,25,1228134,1596574
LA FELISA,DESTINO,127,0,,"Med, Versalles, Sta Barbara, Pintada",30-42 PX,30,42,1363229,1772197
LA UNION,DESTINO,57,0,,"Med, Represa la fe, Don Diego, La Ceja",12 PX,12,12,584826,832803
LA UNION,DESTINO,57,0,,"Med, Represa la fe, Don Diego, La Ceja",14 PX,14,14,619915,882772
LA UNION,DESTINO,57,0,,"Med, Represa la fe, Don Diego, La Ceja",16 PX,16,16,655005,932740
LA UNION,DESTINO,57,0,,"Med, Represa la fe, Don Diego, La Ceja",19 PX,19,19,736880,957944
LA UNION,DESTINO,57,0,,"Med, Represa la fe, Don Diego, La Ceja",22-25 PX,22,25,888935,1155615
LA UNION,DESTINO,57,0,,"Med, Represa la fe, Don Diego, La Ceja",30-42 PX,30,42,986718,1282733
LA VIRGINIA,DESTINO,217,0,,"Med, Versalles, Pereira",12 PX,12,12,1555636,2215257
LA VIRGINIA,DESTINO,217,0,,"Med, Versalles, Pereira",14 PX,14,14,1707011,2430818
LA VIRGINIA,DESTINO,217,0,,"Med, Versalles, Pereira",16 PX,16,16,1754477,2498410
LA VIRGINIA,DESTINO,217,0,,"Med, Versalles, Pereira",19 PX,19,19,2058586,2676162
LA VIRGINIA,DESTINO,217,0,,"Med, Versalles, Pereira",22-25 PX,22,25,2526447,3284381
LA VIRGINIA,DESTINO,217,0,,"Med, Versalles, Pereira",30-42 PX,30,42,2804356,3645663
LIBORINA,DESTINO,114,0,22,"Med, Sopetran,Olaya.22 Kms dest",12 PX,12,12,1169651,1665607
LIBORINA,DESTINO,114,0,22,"Med, Sopetran,Olaya.22 Kms dest",14 PX,14,14,1286616,1832168
LIBORINA,DESTINO,114,0,22,"Med, Sopetran,Olaya.22 Kms dest",16 PX,16,16,1356796,1932104
LIBORINA,DESTINO,114,0,22,"Med, Sopetran,Olaya.22 Kms dest",19 PX,19,19,1473761,1915889
LIBORINA,DESTINO,114,0,22,"Med, Sopetran,Olaya.22 Kms dest",22-25 PX,22,25,1637512,2128765
LIBORINA,DESTINO,114,0,22,"Med, Sopetran,Olaya.22 Kms dest",30-42 PX,30,42,1817638,2362930
LORICA,DESTINO,451,0,,"Med, Autopista, Costa Atlántica",12 PX,12,12,3041093,4330578
LORICA,DESTINO,451,0,,"Med, Autopista, Costa Atlántica",14 PX,14,14,3275024,4663699
LORICA,DESTINO,451,0,,"Med, Autopista, Costa Atlántica",16 PX,16,16,3508954,4996821
LORICA,DESTINO,451,0,,"Med, Autopista, Costa Atlántica",19 PX,19,19,3859849,5017804
LORICA,DESTINO,451,0,,"Med, Autopista, Costa Atlántica",22-25 PX,22,25,4561640,5930132
LORICA,DESTINO,451,0,,"Med, Autopista, Costa Atlántica",30-42 PX,30,42,5063421,6582447
LOS LLANOS DEL CUIVA,DESTINO,99,0,,Santa Rosa,12 PX,12,12,807059,1149269
LOS LLANOS DEL CUIVA,DESTINO,99,0,,Santa Rosa,14 PX,14,14,877238,1249205
LOS LLANOS DEL CUIVA,DESTINO,99,0,,Santa Rosa,16 PX,16,16,959114,1365798
LOS LLANOS DEL CUIVA,DESTINO,99,0,,Santa Rosa,19 PX,19,19,1064383,1383697
LOS LLANOS DEL CUIVA,DESTINO,99,0,,Santa Rosa,22-25 PX,22,25,1122865,1459725
LOS LLANOS DEL CUIVA,DESTINO,99,0,,Santa Rosa,30-42 PX,30,42,1246380,1620295
MACEO,DESTINO,149,0,10,"Med,Cisneros, San José del Nus.10 Kms dest",12 PX,12,12,1310009,1865480
MACEO,DESTINO,149,0,10,"Med,Cisneros, San José del Nus.10 Kms dest",14 PX,14,14,1403582,1998728
MACEO,DESTINO,149,0,10,"Med,Cisneros, San José del Nus.10 Kms dest",16 PX,16,16,1473761,2098665
MACEO,DESTINO,149,0,10,"Med,Cisneros, San José del Nus.10 Kms dest",19 PX,19,19,1567333,2037533
MACEO,DESTINO,149,0,10,"Med,Cisneros, San José del Nus.10 Kms dest",22-25 PX,22,25,1684298,2189587
MACEO,DESTINO,149,0,10,"Med,Cisneros, San José del Nus.10 Kms dest",30-42 PX,30,42,1869571,2430442
MAGANGUÉ,DESTINO,561,1,,"Med, Sincelejo, Magangué",12 PX,12,12,4210745,5996185
MAGANGUÉ,DESTINO,561,1,,"Med, Sincelejo, Magangué",14 PX,14,14,4397889,6262682
MAGANGUÉ,DESTINO,561,1,,"Med, Sincelejo, Magangué",16 PX,16,16,4631819,6595803
MAGANGUÉ,DESTINO,561,1,,"Med, Sincelejo, Magangué",19 PX,19,19,4865749,6325474
MAGANGUÉ,DESTINO,561,1,,"Med, Sincelejo, Magangué",22-25 PX,22,25,5099680,6629584
MAGANGUÉ,DESTINO,561,1,,"Med, Sincelejo, Magangué",30-42 PX,30,42,5660644,7358838
MAICAO,DESTINO,1138,0,,"Med, Pto Boyacá, San Alberto, Valledupar",12 PX,12,12,9006315,12825173
MAICAO,DESTINO,1138,0,,"Med, Pto Boyacá, San Alberto, Valledupar",14 PX,14,14,9357210,13324855
MAICAO,DESTINO,1138,0,,"Med, Pto Boyacá, San Alberto, Valledupar",16 PX,16,16,9614534,13691288
MAICAO,DESTINO,1138,0,,"Med, Pto Boyacá, San Alberto, Valledupar",19 PX,19,19,10246145,13319989
MAICAO,DESTINO,1138,0,,"Med, Pto Boyacá, San Alberto, Valledupar",22-25 PX,22,25,11345618,14749303
MAICAO,DESTINO,1138,0,,"Med, Pto Boyacá, San Alberto, Valledupar",30-42 PX,30,42,12593636,16371726
MANIZALES,DESTINO,232,0,,"Med, Irra, Chinchina",12 PX,12,12,1754477,2498410
MANIZALES,DESTINO,232,0,,"Med, Irra, Chinchina",14 PX,14,14,2105372,2998092
MANIZALES,DESTINO,232,0,,"Med, Irra, Chinchina",16 PX,16,16,2339303,3331214
MANIZALES,DESTINO,232,0,,"Med, Irra, Chinchina",19 PX,19,19,2620019,3406025
MANIZALES,DESTINO,232,0,,"Med, Irra, Chinchina",22-25 PX,22,25,2924128,3801367
MANIZALES,DESTINO,232,0,,"Med, Irra, Chinchina",30-42 PX,30,42,3245782,4219517
MARINILLA,DESTINO,47,0,,"Med,Guarne",12 PX,12,12,467861,666243
MARINILLA,DESTINO,47,0,,"Med,Guarne",14 PX,14,14,491254,699555
MARINILLA,DESTINO,47,0,,"Med,Guarne",16 PX,16,16,549736,782835
MARINILLA,DESTINO,47,0,,"Med,Guarne",19 PX,19,19,584826,760273
MARINILLA,DESTINO,47,0,,"Med,Guarne",22-25 PX,22,25,678398,881917
MARINILLA,DESTINO,47,0,,"Med,Guarne",30-42 PX,30,42,753022,978928
MELGAR,DESTINO,590,0,,"Med, Pto Triunfo, Honda, Ibagué, Espinal",12 PX,12,12,3859849,5496503
MELGAR,DESTINO,590,0,,"Med, Pto Triunfo, Honda, Ibagué, Espinal",14 PX,14,14,4210745,5996185
MELGAR,DESTINO,590,0,,"Med, Pto Triunfo, Honda, Ibagué, Espinal",16 PX,16,16,4561640,6495867
MELGAR,DESTINO,590,0,,"Med, Pto Triunfo, Honda, Ibagué, Espinal",19 PX,19,19,4959322,6447118
MELGAR,DESTINO,590,0,,"Med, Pto Triunfo, Honda, Ibagué, Espinal",22-25 PX,22,25,5614326,7298624
MELGAR,DESTINO,590,0,,"Med, Pto Triunfo, Honda, Ibagué, Espinal",30-42 PX,30,42,6231902,8101473
MOMPOX (FERRI),DESTINO,610,0,,"Sincelejo, Magangué, El Banco",12 PX,12,12,4210745,5996185
MOMPOX (FERRI),DESTINO,610,0,,"Sincelejo, Magangué, El Banco",14 PX,14,14,4397889,6262682
MOMPOX (FERRI),DESTINO,610,0,,"Sincelejo, Magangué, El Banco",16 PX,16,16,4912535,6995549
MOMPOX (FERRI),DESTINO,610,0,,"Sincelejo, Magangué, El Banco",19 PX,19,19,5146466,6690405
MOMPOX (FERRI),DESTINO,610,0,,"Sincelejo, Magangué, El Banco",22-25 PX,22,25,5497361,7146569
MOMPOX (FERRI),DESTINO,610,0,,"Sincelejo, Magangué, El Banco",30-42 PX,30,42,6102071,7932692
MONTEBELLO,DESTINO,53,0,15,"Med,Caldas,Versalles.15 Kms dest",12 PX,12,12,584826,832803
MONTEBELLO,DESTINO,53,0,15,"Med,Caldas,Versalles.15 Kms dest",14 PX,14,14,619915,882772
MONTEBELLO,DESTINO,53,0,15,"Med,Caldas,Versalles.15 Kms dest",16 PX,16,16,655005,932740
MONTEBELLO,DESTINO,53,0,15,"Med,Caldas,Versalles.15 Kms dest",19 PX,19,19,725184,942739
MONTEBELLO,DESTINO,53,0,15,"Med,Caldas,Versalles.15 Kms dest",22-25 PX,22,25,771970,1003561
MONTEBELLO,DESTINO,53,0,15,"Med,Caldas,Versalles.15 Kms dest",30-42 PX,30,42,856887,1113953
MONTELIBANO,DESTINO,332,0,,"Med, Yarumal. Caucasia, La Apartada",12 PX,12,12,2573233,3664335
MONTELIBANO,DESTINO,332,0,,"Med, Yarumal. Caucasia, La Apartada",14 PX,14,14,2643412,3764271
MONTELIBANO,DESTINO,332,0,,"Med, Yarumal. Caucasia, La Apartada",16 PX,16,16,2748681,3914176
MONTELIBANO,DESTINO,332,0,,"Med, Yarumal. Caucasia, La Apartada",19 PX,19,19,2924128,3801367
MONTELIBANO,DESTINO,332,0,,"Med, Yarumal. Caucasia, La Apartada",22-25 PX,22,25,3158059,4105476
MONTELIBANO,DESTINO,332,0,,"Med, Yarumal. Caucasia, La Apartada",30-42 PX,30,42,3505445,4557078
MONTERIA,DESTINO,400,0,,"Med, Caucasia, Montería, Lorica, San Bernardo",12 PX,12,12,3158059,4497139
MONTERIA,DESTINO,400,0,,"Med, Caucasia, Montería, Lorica, San Bernardo",14 PX,14,14,3508954,4996821
MONTERIA,DESTINO,400,0,,"Med, Caucasia, Montería, Lorica, San Bernardo",16 PX,16,16,3883242,5529815
MONTERIA,DESTINO,400,0,,"Med, Caucasia, Montería, Lorica, San Bernardo",19 PX,19,19,4093780,5321913
MONTERIA,DESTINO,400,0,,"Med, Caucasia, Montería, Lorica, San Bernardo",22-25 PX,22,25,4327710,5626023
MONTERIA,DESTINO,400,0,,"Med, Caucasia, Montería, Lorica, San Bernardo",30-42 PX,30,42,4803758,6244885
MOÑITOS,DESTINO,540,0,,"Med, Caucasia, Montería, Lorica, San Bernardo",12 PX,12,12,3859849,5496503
MOÑITOS,DESTINO,540,0,,"Med, Caucasia, Montería, Lorica, San Bernardo",14 PX,14,14,4093780,5829624
MOÑITOS,DESTINO,540,0,,"Med, Caucasia, Montería, Lorica, San Bernardo",16 PX,16,16,4257531,6062809
MOÑITOS,DESTINO,540,0,,"Med, Caucasia, Montería, Lorica, San Bernardo",19 PX,19,19,4678605,6082187
MOÑITOS,DESTINO,540,0,,"Med, Caucasia, Montería, Lorica, San Bernardo",22-25 PX,22,25,5052894,6568762
MOÑITOS,DESTINO,540,0,,"Med, Caucasia, Montería, Lorica, San Bernardo",30-42 PX,30,42,5608712,7291326
MUTATA,DESTINO,233,0,,"Med, Antioquia, C. gordas, Dabeiba",12 PX,12,12,2105372,2998092
MUTATA,DESTINO,233,0,,"Med, Antioquia, C. gordas, Dabeiba",14 PX,14,14,2339303,3331214
MUTATA,DESTINO,233,0,,"Med, Antioquia, C. gordas, Dabeiba",16 PX,16,16,2526447,3597711
MUTATA,DESTINO,233,0,,"Med, Antioquia, C. gordas, Dabeiba",19 PX,19,19,2725288,3542874
MUTATA,DESTINO,233,0,,"Med, Antioquia, C. gordas, Dabeiba",22-25 PX,22,25,2924128,3801367
MUTATA,DESTINO,233,0,,"Med, Antioquia, C. gordas, Dabeiba",30-42 PX,30,42,3245782,4219517
NARIÑO,DESTINO,150,0,,"Med, La Ceja, La Unión, Sonson, La Quiebra",12 PX,12,12,959114,1365798
NARIÑO,DESTINO,150,0,,"Med, La Ceja, La Unión, Sonson, La Quiebra",14 PX,14,14,1029293,1465734
NARIÑO,DESTINO,150,0,,"Med, La Ceja, La Unión, Sonson, La Quiebra",16 PX,16,16,1122865,1598983
NARIÑO,DESTINO,150,0,,"Med, La Ceja, La Unión, Sonson, La Quiebra",19 PX,19,19,1286616,1672601
NARIÑO,DESTINO,150,0,,"Med, La Ceja, La Unión, Sonson, La Quiebra",22-25 PX,22,25,1450368,1885478
NARIÑO,DESTINO,150,0,,"Med, La Ceja, La Unión, Sonson, La Quiebra",30-42 PX,30,42,1609908,2092880
NECHI,DESTINO,395,0,,"Med, Don Matias, Pto Valdivia, Caucasia",12 PX,12,12,3041093,4330578
NECHI,DESTINO,395,0,,"Med, Don Matias, Pto Valdivia, Caucasia",14 PX,14,14,3275024,4663699
NECHI,DESTINO,395,0,,"Med, Don Matias, Pto Valdivia, Caucasia",16 PX,16,16,3508954,4996821
NECHI,DESTINO,395,0,,"Med, Don Matias, Pto Valdivia, Caucasia",19 PX,19,19,3859849,5017804
NECHI,DESTINO,395,0,,"Med, Don Matias, Pto Valdivia, Caucasia",22-25 PX,22,25,4655212,6051776
NECHI,DESTINO,395,0,,"Med, Don Matias, Pto Valdivia, Caucasia",30-42 PX,30,42,5167286,6717471
NECOCLI,DESTINO,402,0,,"Med,Antioquia,Cañasgordas,M utata,Apartado.30 Kms",12 PX,12,12,3064486,4363890
NECOCLI,DESTINO,402,0,,"Med,Antioquia,Cañasgordas,M utata,Apartado.30 Kms",14 PX,14,14,3403685,4846916
NECOCLI,DESTINO,402,0,,"Med,Antioquia,Cañasgordas,M utata,Apartado.30 Kms",16 PX,16,16,3883242,5529815
NECOCLI,DESTINO,402,0,,"Med,Antioquia,Cañasgordas,M utata,Apartado.30 Kms",19 PX,19,19,4327710,5626023
NECOCLI,DESTINO,402,0,,"Med,Antioquia,Cañasgordas,M utata,Apartado.30 Kms",22-25 PX,22,25,5146466,6690405
NECOCLI,DESTINO,402,0,,"Med,Antioquia,Cañasgordas,M utata,Apartado.30 Kms",30-42 PX,30,42,5712577,7426350
NEIVA,DESTINO,601,0,,"Med, Pto Triunfo, Honda, Ibagué",12 PX,12,12,3625919,5163381
NEIVA,DESTINO,601,0,,"Med, Pto Triunfo, Honda, Ibagué",14 PX,14,14,4093780,5829624
NEIVA,DESTINO,601,0,,"Med, Pto Triunfo, Honda, Ibagué",16 PX,16,16,4444675,6329306
NEIVA,DESTINO,601,0,,"Med, Pto Triunfo, Honda, Ibagué",19 PX,19,19,5146466,6690405
NEIVA,DESTINO,601,0,,"Med, Pto Triunfo, Honda, Ibagué",22-25 PX,22,25,5415486,7040132
NEIVA,DESTINO,601,0,,"Med, Pto Triunfo, Honda, Ibagué",30-42 PX,30,42,6011189,7814546
OLAYA,DESTINO,100,0,20,"Med,San jeronimo,Sopetran.20 Kms dest",12 PX,12,12,760273,1082644
OLAYA,DESTINO,100,0,20,"Med,San jeronimo,Sopetran.20 Kms dest",14 PX,14,14,783666,1115957
OLAYA,DESTINO,100,0,20,"Med,San jeronimo,Sopetran.20 Kms dest",16 PX,16,16,818756,1165925
OLAYA,DESTINO,100,0,20,"Med,San jeronimo,Sopetran.20 Kms dest",19 PX,19,19,888935,1155615
OLAYA,DESTINO,100,0,20,"Med,San jeronimo,Sopetran.20 Kms dest",22-25 PX,22,25,1216437,1581369
OLAYA,DESTINO,100,0,20,"Med,San jeronimo,Sopetran.20 Kms dest",30-42 PX,30,42,1350245,1755319
PACORA,DESTINO,134,0,,"Med, Pintada, Arma",12 PX,12,12,1099472,1565670
PACORA,DESTINO,134,0,,"Med, Pintada, Arma",14 PX,14,14,1193044,1698919
PACORA,DESTINO,134,0,,"Med, Pintada, Arma",16 PX,16,16,1286616,1832168
PACORA,DESTINO,134,0,,"Med, Pintada, Arma",19 PX,19,19,1356796,1763834
PACORA,DESTINO,134,0,,"Med, Pintada, Arma",22-25 PX,22,25,1473761,1915889
PACORA,DESTINO,134,0,,"Med, Pintada, Arma",30-42 PX,30,42,1635874,2126637
PAIPA-DUITAMA,DESTINO,630,0,,"Med, Pto Boyacá, Bogota, Tunja",12 PX,12,12,4912535,6995549
PAIPA-DUITAMA,DESTINO,630,0,,"Med, Pto Boyacá, Bogota, Tunja",14 PX,14,14,5146466,7328670
PAIPA-DUITAMA,DESTINO,630,0,,"Med, Pto Boyacá, Bogota, Tunja",16 PX,16,16,5380396,7661792
PAIPA-DUITAMA,DESTINO,630,0,,"Med, Pto Boyacá, Bogota, Tunja",19 PX,19,19,5848257,7602733
PAIPA-DUITAMA,DESTINO,630,0,,"Med, Pto Boyacá, Bogota, Tunja",22-25 PX,22,25,6550047,8515062
PAIPA-DUITAMA,DESTINO,630,0,,"Med, Pto Boyacá, Bogota, Tunja",30-42 PX,30,42,7270553,9451718
PALMIRA,DESTINO,420,0,,"Med, Irra, Pereira, Cartago",12 PX,12,12,3064486,4363890
PALMIRA,DESTINO,420,0,,"Med, Irra, Pereira, Cartago",14 PX,14,14,3391989,4830260
PALMIRA,DESTINO,420,0,,"Med, Irra, Pereira, Cartago",16 PX,16,16,3859849,5496503
PALMIRA,DESTINO,420,0,,"Med, Irra, Pereira, Cartago",19 PX,19,19,4327710,5626023
PALMIRA,DESTINO,420,0,,"Med, Irra, Pereira, Cartago",22-25 PX,22,25,4795570,6234241
PALMIRA,DESTINO,420,0,,"Med, Irra, Pereira, Cartago",30-42 PX,30,42,5323083,6920008
PARQUE DE LAS AGUAS,DESTINO,36,0,,"Med,Bello,Girardota",12 PX,12,12,385985,549650
PARQUE DE LAS AGUAS,DESTINO,36,0,,"Med,Bello,Girardota",14 PX,14,14,467861,666243
PARQUE DE LAS AGUAS,DESTINO,36,0,,"Med,Bello,Girardota",16 PX,16,16,573129,816147
PARQUE DE LAS AGUAS,DESTINO,36,0,,"Med,Bello,Girardota",19 PX,19,19,619915,805890
PARQUE DE LAS AGUAS,DESTINO,36,0,,"Med,Bello,Girardota",22-25 PX,22,25,701791,912328
PARQUE DE LAS AGUAS,DESTINO,36,0,,"Med,Bello,Girardota",30-42 PX,30,42,778988,1012684
PASTO,DESTINO,850,0,,"Med, Pereira, Cali, Popayan",12 PX,12,12,5263431,7495231
PASTO,DESTINO,850,0,,"Med, Pereira, Cali, Popayan",14 PX,14,14,6082187,8661156
PASTO,DESTINO,850,0,,"Med, Pereira, Cali, Popayan",16 PX,16,16,6830764,9727144
PASTO,DESTINO,850,0,,"Med, Pereira, Cali, Popayan",19 PX,19,19,7602733,9883554
PASTO,DESTINO,850,0,,"Med, Pereira, Cali, Popayan",22-25 PX,22,25,8012111,10415745
PASTO,DESTINO,850,0,,"Med, Pereira, Cali, Popayan",30-42 PX,30,42,8893444,11561477
PEQUE,DESTINO,226,0,64,"Med,Antioqua,Cañasgordas,U ramita.64 Kms dest",12 PX,12,12,1719387,2448442
PEQUE,DESTINO,226,0,64,"Med,Antioqua,Cañasgordas,U ramita.64 Kms dest",14 PX,14,14,1871442,2664971
PEQUE,DESTINO,226,0,64,"Med,Antioqua,Cañasgordas,U ramita.64 Kms dest",16 PX,16,16,1988407,2831532
PEQUE,DESTINO,226,0,64,"Med,Antioqua,Cañasgordas,U ramita.64 Kms dest",19 PX,19,19,2152158,2797806
PEQUE,DESTINO,226,0,64,"Med,Antioqua,Cañasgordas,U ramita.64 Kms dest",22-25 PX,22,25,2467964,3208354
PEQUE,DESTINO,226,0,64,"Med,Antioqua,Cañasgordas,U ramita.64 Kms dest",30-42 PX,30,42,2739440,3561272
PEREIRA,DESTINO,242,0,,"Med, Irra",12 PX,12,12,2058586,2931468
PEREIRA,DESTINO,242,0,,"Med, Irra",14 PX,14,14,2175551,3098029
PEREIRA,DESTINO,242,0,,"Med, Irra",16 PX,16,16,2269124,3231277
PEREIRA,DESTINO,242,0,,"Med, Irra",19 PX,19,19,2409482,3132326
PEREIRA,DESTINO,242,0,,"Med, Irra",22-25 PX,22,25,2573233,3345203
PEREIRA,DESTINO,242,0,,"Med, Irra",30-42 PX,30,42,2856288,3713175
PIEDRAS BLANCAS,DESTINO,21,0,,"Med, Santa Elena",12 PX,12,12,526343,749523
PIEDRAS BLANCAS,DESTINO,21,0,,"Med, Santa Elena",14 PX,14,14,561433,799491
PIEDRAS BLANCAS,DESTINO,21,0,,"Med, Santa Elena",16 PX,16,16,608219,866116
PIEDRAS BLANCAS,DESTINO,21,0,,"Med, Santa Elena",19 PX,19,19,643308,836301
PIEDRAS BLANCAS,DESTINO,21,0,,"Med, Santa Elena",22-25 PX,22,25,690094,897123
PIEDRAS BLANCAS,DESTINO,21,0,,"Med, Santa Elena",30-42 PX,30,42,766005,995806
PINTADA,DESTINO,90,0,,"Med, Versalles, Sta Barbara",12 PX,12,12,760273,1082644
PINTADA,DESTINO,90,0,,"Med, Versalles, Sta Barbara",14 PX,14,14,842149,1199237
PINTADA,DESTINO,90,0,,"Med, Versalles, Sta Barbara",16 PX,16,16,959114,1365798
PINTADA,DESTINO,90,0,,"Med, Versalles, Sta Barbara",19 PX,19,19,1052686,1368492
PINTADA,DESTINO,90,0,,"Med, Versalles, Sta Barbara",22-25 PX,22,25,1105299,1436889
PINTADA,DESTINO,90,0,,"Med, Versalles, Sta Barbara",30-42 PX,30,42,1234368,1604678
PLANETA RICA,DESTINO,349,0,,"Med, Yarumal, Pto Valdivia, Taraza",12 PX,12,12,2479661,3531087
PLANETA RICA,DESTINO,349,0,,"Med, Yarumal, Pto Valdivia, Taraza",14 PX,14,14,2643412,3764271
PLANETA RICA,DESTINO,349,0,,"Med, Yarumal, Pto Valdivia, Taraza",16 PX,16,16,2924128,4164017
PLANETA RICA,DESTINO,349,0,,"Med, Yarumal, Pto Valdivia, Taraza",19 PX,19,19,3146362,4090271
PLANETA RICA,DESTINO,349,0,,"Med, Yarumal, Pto Valdivia, Taraza",22-25 PX,22,25,3345203,4348764
PLANETA RICA,DESTINO,349,0,,"Med, Yarumal, Pto Valdivia, Taraza",30-42 PX,30,42,3713175,4827128
POPALITO,DESTINO,55,0,,"Med,Barbosa",12 PX,12,12,421074,599618
POPALITO,DESTINO,55,0,,"Med,Barbosa",14 PX,14,14,456164,649587
POPALITO,DESTINO,55,0,,"Med,Barbosa",16 PX,16,16,514647,732867
POPALITO,DESTINO,55,0,,"Med,Barbosa",19 PX,19,19,596522,775479
POPALITO,DESTINO,55,0,,"Med,Barbosa",22-25 PX,22,25,678398,881917
POPALITO,DESTINO,55,0,,"Med,Barbosa",30-42 PX,30,42,753022,978928
POPAYAN,DESTINO,581,0,,"Med, Irra, Pereira, Cali, Popayán",12 PX,12,12,3450471,4913540
POPAYAN,DESTINO,581,0,,"Med, Irra, Pereira, Cali, Popayán",14 PX,14,14,3859849,5496503
POPAYAN,DESTINO,581,0,,"Med, Irra, Pereira, Cali, Popayán",16 PX,16,16,4163959,5929560
POPAYAN,DESTINO,581,0,,"Med, Irra, Pereira, Cali, Popayán",19 PX,19,19,4561640,5930132
POPAYAN,DESTINO,581,0,,"Med, Irra, Pereira, Cali, Popayán",22-25 PX,22,25,4854053,6310269
POPAYAN,DESTINO,581,0,,"Med, Irra, Pereira, Cali, Popayán",30-42 PX,30,42,5387999,7004398
PORCE I,DESTINO,65,0,,"Med,Barbosa,Popalito",12 PX,12,12,701791,999364
PORCE I,DESTINO,65,0,,"Med,Barbosa,Popalito",14 PX,14,14,771970,1099301
PORCE I,DESTINO,65,0,,"Med,Barbosa,Popalito",16 PX,16,16,842149,1199237
PORCE I,DESTINO,65,0,,"Med,Barbosa,Popalito",19 PX,19,19,935721,1216437
PORCE I,DESTINO,65,0,,"Med,Barbosa,Popalito",22-25 PX,22,25,1029293,1338081
PORCE I,DESTINO,65,0,,"Med,Barbosa,Popalito",30-42 PX,30,42,1142515,1485270
PORCE II,DESTINO,147,0,80,"Med,Barbosa,Porce.80 Kms dest",12 PX,12,12,1099472,1565670
PORCE II,DESTINO,147,0,80,"Med,Barbosa,Porce.80 Kms dest",14 PX,14,14,1146258,1632295
PORCE II,DESTINO,147,0,80,"Med,Barbosa,Porce.80 Kms dest",16 PX,16,16,1193044,1698919
PORCE II,DESTINO,147,0,80,"Med,Barbosa,Porce.80 Kms dest",19 PX,19,19,1274920,1657396
PORCE II,DESTINO,147,0,80,"Med,Barbosa,Porce.80 Kms dest",22-25 PX,22,25,1403582,1824656
PORCE II,DESTINO,147,0,80,"Med,Barbosa,Porce.80 Kms dest",30-42 PX,30,42,1557976,2025368
PUEBLO RICO,DESTINO,118,0,,"Med, Amaga, Bolombolo, Tarso, Otra via por Andes.25 Km",12 PX,12,12,842149,1199237
PUEBLO RICO,DESTINO,118,0,,"Med, Amaga, Bolombolo, Tarso, Otra via por Andes.25 Km",14 PX,14,14,994204,1415766
PUEBLO RICO,DESTINO,118,0,,"Med, Amaga, Bolombolo, Tarso, Otra via por Andes.25 Km",16 PX,16,16,1111169,1582327
PUEBLO RICO,DESTINO,118,0,,"Med, Amaga, Bolombolo, Tarso, Otra via por Andes.25 Km",19 PX,19,19,1228134,1596574
PUEBLO RICO,DESTINO,118,0,,"Med, Amaga, Bolombolo, Tarso, Otra via por Andes.25 Km",22-25 PX,22,25,1356796,1763834
PUEBLO RICO,DESTINO,118,0,,"Med, Amaga, Bolombolo, Tarso, Otra via por Andes.25 Km",30-42 PX,30,42,1506043,1957856
PUENTE IGLESIAS,DESTINO,85,0,,"Med, Fredonia, Otra via Bolombolo",12 PX,12,12,608219,866116
PUENTE IGLESIAS,DESTINO,85,0,,"Med, Fredonia, Otra via Bolombolo",14 PX,14,14,655005,932740
PUENTE IGLESIAS,DESTINO,85,0,,"Med, Fredonia, Otra via Bolombolo",16 PX,16,16,701791,999364
PUENTE IGLESIAS,DESTINO,85,0,,"Med, Fredonia, Otra via Bolombolo",19 PX,19,19,771970,1003561
PUENTE IGLESIAS,DESTINO,85,0,,"Med, Fredonia, Otra via Bolombolo",22-25 PX,22,25,888935,1155615
PUENTE IGLESIAS,DESTINO,85,0,,"Med, Fredonia, Otra via Bolombolo",30-42 PX,30,42,986718,1282733
PUERTO BERRIO,DESTINO,210,0,,"Med, Santuario,Pto Triunfo, Pto Boyaca, Otra via Cisneros",12 PX,12,12,1426975,2032040
PUERTO BERRIO,DESTINO,210,0,,"Med, Santuario,Pto Triunfo, Pto Boyaca, Otra via Cisneros",14 PX,14,14,1579029,2248569
PUERTO BERRIO,DESTINO,210,0,,"Med, Santuario,Pto Triunfo, Pto Boyaca, Otra via Cisneros",16 PX,16,16,1684298,2398474
PUERTO BERRIO,DESTINO,210,0,,"Med, Santuario,Pto Triunfo, Pto Boyaca, Otra via Cisneros",19 PX,19,19,1871442,2432875
PUERTO BERRIO,DESTINO,210,0,,"Med, Santuario,Pto Triunfo, Pto Boyaca, Otra via Cisneros",22-25 PX,22,25,2105372,2736984
PUERTO BERRIO,DESTINO,210,0,,"Med, Santuario,Pto Triunfo, Pto Boyaca, Otra via Cisneros",30-42 PX,30,42,2336963,3038052
PUERTO BOYACA,DESTINO,179,1,,"Med, Pto Berrio, Boyacá, Pto Nare",12 PX,12,12,1520547,2165289
PUERTO BOYACA,DESTINO,179,1,,"Med, Pto Berrio, Boyacá, Pto Nare",14 PX,14,14,1637512,2331850
PUERTO BOYACA,DESTINO,179,1,,"Med, Pto Berrio, Boyacá, Pto Nare",16 PX,16,16,1719387,2448442
PUERTO BOYACA,DESTINO,179,1,,"Med, Pto Berrio, Boyacá, Pto Nare",19 PX,19,19,1801263,2341642
PUERTO BOYACA,DESTINO,179,1,,"Med, Pto Berrio, Boyacá, Pto Nare",22-25 PX,22,25,1871442,2432875
PUERTO BOYACA,DESTINO,179,1,,"Med, Pto Berrio, Boyacá, Pto Nare",30-42 PX,30,42,2077301,2700491
PUERTO ESCONDIDO,DESTINO,540,0,,"Med, Yarumal, Yarumal, Monteria",12 PX,12,12,3859849,5496503
PUERTO ESCONDIDO,DESTINO,540,0,,"Med, Yarumal, Yarumal, Monteria",14 PX,14,14,4163959,5929560
PUERTO ESCONDIDO,DESTINO,540,0,,"Med, Yarumal, Yarumal, Monteria",16 PX,16,16,4397889,6262682
PUERTO ESCONDIDO,DESTINO,540,0,,"Med, Yarumal, Yarumal, Monteria",19 PX,19,19,4631819,6021365
PUERTO ESCONDIDO,DESTINO,540,0,,"Med, Yarumal, Yarumal, Monteria",22-25 PX,22,25,4889142,6355885
PUERTO ESCONDIDO,DESTINO,540,0,,"Med, Yarumal, Yarumal, Monteria",30-42 PX,30,42,5426948,7055033
PUERTO NARE,DESTINO,191,0,,"Med, Santuario, Pto triunfo,Pto Boyaca, Pto Berrio, Otra cis",12 PX,12,12,1555636,2215257
PUERTO NARE,DESTINO,191,0,,"Med, Santuario, Pto triunfo,Pto Boyaca, Pto Berrio, Otra cis",14 PX,14,14,1625815,2315194
PUERTO NARE,DESTINO,191,0,,"Med, Santuario, Pto triunfo,Pto Boyaca, Pto Berrio, Otra cis",16 PX,16,16,1742780,2481754
PUERTO NARE,DESTINO,191,0,,"Med, Santuario, Pto triunfo,Pto Boyaca, Pto Berrio, Otra cis",19 PX,19,19,1836353,2387258
PUERTO NARE,DESTINO,191,0,,"Med, Santuario, Pto triunfo,Pto Boyaca, Pto Berrio, Otra cis",22-25 PX,22,25,2081979,2706573
PUERTO NARE,DESTINO,191,0,,"Med, Santuario, Pto triunfo,Pto Boyaca, Pto Berrio, Otra cis",30-42 PX,30,42,2310997,3004296
PUERTO TRIUNFO,DESTINO,187,0,,"Med,Guarne,Marinilla,Cocorna ,San luis",12 PX,12,12,1005900,1432422
PUERTO TRIUNFO,DESTINO,187,0,,"Med,Guarne,Marinilla,Cocorna ,San luis",14 PX,14,14,1204741,1715575
PUERTO TRIUNFO,DESTINO,187,0,,"Med,Guarne,Marinilla,Cocorna ,San luis",16 PX,16,16,1333402,1898792
PUERTO TRIUNFO,DESTINO,187,0,,"Med,Guarne,Marinilla,Cocorna ,San luis",19 PX,19,19,1473761,1915889
PUERTO TRIUNFO,DESTINO,187,0,,"Med,Guarne,Marinilla,Cocorna ,San luis",22-25 PX,22,25,1871442,2432875
PUERTO TRIUNFO,DESTINO,187,0,,"Med,Guarne,Marinilla,Cocorna ,San luis",30-42 PX,30,42,2077301,2700491
QUIBDO,DESTINO,217,0,,"Med, Ciudad Bolivar, La Trocha Manguiri",12 PX,12,12,3391989,4830260
QUIBDO,DESTINO,217,0,,"Med, Ciudad Bolivar, La Trocha Manguiri",14 PX,14,14,3532347,5030133
QUIBDO,DESTINO,217,0,,"Med, Ciudad Bolivar, La Trocha Manguiri",16 PX,16,16,3859849,5496503
QUIBDO,DESTINO,217,0,,"Med, Ciudad Bolivar, La Trocha Manguiri",19 PX,19,19,4304317,5595612
QUIBDO,DESTINO,217,0,,"Med, Ciudad Bolivar, La Trocha Manguiri",22-25 PX,22,25,4795570,6234241
QUIBDO,DESTINO,217,0,,"Med, Ciudad Bolivar, La Trocha Manguiri",30-42 PX,30,42,5323083,6920008
REMEDIOS,DESTINO,210,0,,"Medellín, Segovia",12 PX,12,12,1555636,2215257
REMEDIOS,DESTINO,210,0,,"Medellín, Segovia",14 PX,14,14,1602422,2281881
REMEDIOS,DESTINO,210,0,,"Medellín, Segovia",16 PX,16,16,1660905,2365162
REMEDIOS,DESTINO,210,0,,"Medellín, Segovia",19 PX,19,19,1731084,2250409
REMEDIOS,DESTINO,210,0,,"Medellín, Segovia",22-25 PX,22,25,1824656,2372053
REMEDIOS,DESTINO,210,0,,"Medellín, Segovia",30-42 PX,30,42,2025368,2632979
RIO CLARO,DESTINO,150,0,,"Med, Guarne, Marinilla, Cocorna",12 PX,12,12,1029293,1465734
RIO CLARO,DESTINO,150,0,,"Med, Guarne, Marinilla, Cocorna",14 PX,14,14,1111169,1582327
RIO CLARO,DESTINO,150,0,,"Med, Guarne, Marinilla, Cocorna",16 PX,16,16,1228134,1748887
RIO CLARO,DESTINO,150,0,,"Med, Guarne, Marinilla, Cocorna",19 PX,19,19,1356796,1763834
RIO CLARO,DESTINO,150,0,,"Med, Guarne, Marinilla, Cocorna",22-25 PX,22,25,1579029,2052738
RIO CLARO,DESTINO,150,0,,"Med, Guarne, Marinilla, Cocorna",30-42 PX,30,42,1752722,2278539
RIO GRANDE,DESTINO,60,0,,"Med, Don Matías",12 PX,12,12,538040,766179
RIO GRANDE,DESTINO,60,0,,"Med, Don Matías",14 PX,14,14,573129,816147
RIO GRANDE,DESTINO,60,0,,"Med, Don Matías",16 PX,16,16,619915,882772
RIO GRANDE,DESTINO,60,0,,"Med, Don Matías",19 PX,19,19,678398,881917
RIO GRANDE,DESTINO,60,0,,"Med, Don Matías",22-25 PX,22,25,783666,1018766
RIO GRANDE,DESTINO,60,0,,"Med, Don Matías",30-42 PX,30,42,869870,1130831
RIOHACHA,DESTINO,1118,0,,"Med, Pto Boyacá, San Alberto, Valledupar",12 PX,12,12,5965222,8494595
RIOHACHA,DESTINO,1118,0,,"Med, Pto Boyacá, San Alberto, Valledupar",14 PX,14,14,6900943,9827080
RIOHACHA,DESTINO,1118,0,,"Med, Pto Boyacá, San Alberto, Valledupar",16 PX,16,16,7567644,10776476
RIOHACHA,DESTINO,1118,0,,"Med, Pto Boyacá, San Alberto, Valledupar",19 PX,19,19,8304524,10795882
RIOHACHA,DESTINO,1118,0,,"Med, Pto Boyacá, San Alberto, Valledupar",22-25 PX,22,25,9006315,11708210
RIOHACHA,DESTINO,1118,0,,"Med, Pto Boyacá, San Alberto, Valledupar",30-42 PX,30,42,9997010,12996113
RIONEGRO,DESTINO,40,0,,"Med,Guarne.Otra via Santa Elena.Otra via las palmas",12 PX,12,12,467861,666243
RIONEGRO,DESTINO,40,0,,"Med,Guarne.Otra via Santa Elena.Otra via las palmas",14 PX,14,14,526343,749523
RIONEGRO,DESTINO,40,0,,"Med,Guarne.Otra via Santa Elena.Otra via las palmas",16 PX,16,16,573129,816147
RIONEGRO,DESTINO,40,0,,"Med,Guarne.Otra via Santa Elena.Otra via las palmas",19 PX,19,19,619915,805890
RIONEGRO,DESTINO,40,0,,"Med,Guarne.Otra via Santa Elena.Otra via las palmas",22-25 PX,22,25,701791,912328
RIONEGRO,DESTINO,40,0,,"Med,Guarne.Otra via Santa Elena.Otra via las palmas",30-42 PX,30,42,778988,1012684
RIOSUCIO,DESTINO,153,0,,"Med, Pintada, Supia",12 PX,12,12,994204,1415766
RIOSUCIO,DESTINO,153,0,,"Med, Pintada, Supia",14 PX,14,14,1193044,1698919
RIOSUCIO,DESTINO,153,0,,"Med, Pintada, Supia",16 PX,16,16,1298313,1848824
RIOSUCIO,DESTINO,153,0,,"Med, Pintada, Supia",19 PX,19,19,1415278,1839862
RIOSUCIO,DESTINO,153,0,,"Med, Pintada, Supia",22-25 PX,22,25,1450368,1885478
RIOSUCIO,DESTINO,153,0,,"Med, Pintada, Supia",30-42 PX,30,42,1609908,2092880
ROLDANILLO,DESTINO,290,0,,"Valle, Cali",12 PX,12,12,2105372,2998092
ROLDANILLO,DESTINO,290,0,,"Valle, Cali",14 PX,14,14,2222337,3164653
ROLDANILLO,DESTINO,290,0,,"Valle, Cali",16 PX,16,16,2339303,3331214
ROLDANILLO,DESTINO,290,0,,"Valle, Cali",19 PX,19,19,2526447,3284381
ROLDANILLO,DESTINO,290,0,,"Valle, Cali",22-25 PX,22,25,2736984,3558079
ROLDANILLO,DESTINO,290,0,,"Valle, Cali",30-42 PX,30,42,3038052,3949468
SABANALARGA,DESTINO,149,0,75,"Med,S. Jeronimo, Sopetran, Liborina.75 Kms dest",12 PX,12,12,1403582,1998728
SABANALARGA,DESTINO,149,0,75,"Med,S. Jeronimo, Sopetran, Liborina.75 Kms dest",14 PX,14,14,1485457,2115321
SABANALARGA,DESTINO,149,0,75,"Med,S. Jeronimo, Sopetran, Liborina.75 Kms dest",16 PX,16,16,1567333,2231913
SABANALARGA,DESTINO,149,0,75,"Med,S. Jeronimo, Sopetran, Liborina.75 Kms dest",19 PX,19,19,1695994,2204793
SABANALARGA,DESTINO,149,0,75,"Med,S. Jeronimo, Sopetran, Liborina.75 Kms dest",22-25 PX,22,25,1918228,2493697
SABANALARGA,DESTINO,149,0,75,"Med,S. Jeronimo, Sopetran, Liborina.75 Kms dest",30-42 PX,30,42,2129233,2768003
SABANETA,DESTINO,28,0,,"Med, Envigado",12 PX,12,12,257323,366434
SABANETA,DESTINO,28,0,,"Med, Envigado",14 PX,14,14,269020,383090
SABANETA,DESTINO,28,0,,"Med, Envigado",16 PX,16,16,292413,416402
SABANETA,DESTINO,28,0,,"Med, Envigado",19 PX,19,19,304109,395342
SABANETA,DESTINO,28,0,,"Med, Envigado",22-25 PX,22,25,339199,440959
SABANETA,DESTINO,28,0,,"Med, Envigado",30-42 PX,30,42,376511,489464
SALGAR,DESTINO,97,0,20,"Amaga,Bolobolo,Peña Lisa.20Kmdes",12 PX,12,12,935721,1332485
SALGAR,DESTINO,97,0,20,"Amaga,Bolobolo,Peña Lisa.20Kmdes",14 PX,14,14,970811,1382454
SALGAR,DESTINO,97,0,20,"Amaga,Bolobolo,Peña Lisa.20Kmdes",16 PX,16,16,1040990,1482390
SALGAR,DESTINO,97,0,20,"Amaga,Bolobolo,Peña Lisa.20Kmdes",19 PX,19,19,1122865,1459725
SALGAR,DESTINO,97,0,20,"Amaga,Bolobolo,Peña Lisa.20Kmdes",22-25 PX,22,25,1216437,1581369
SALGAR,DESTINO,97,0,20,"Amaga,Bolobolo,Peña Lisa.20Kmdes",30-42 PX,30,42,1350245,1755319
SAN AGUSTIN,DESTINO,833,0,,"Med,Pto Triunfo, honda, Ibague, Neiva",12 PX,12,12,4912535,6995549
SAN AGUSTIN,DESTINO,833,0,,"Med,Pto Triunfo, honda, Ibague, Neiva",14 PX,14,14,5146466,7328670
SAN AGUSTIN,DESTINO,833,0,,"Med,Pto Triunfo, honda, Ibague, Neiva",16 PX,16,16,5614326,7994913
SAN AGUSTIN,DESTINO,833,0,,"Med,Pto Triunfo, honda, Ibague, Neiva",19 PX,19,19,6199152,8058898
SAN AGUSTIN,DESTINO,833,0,,"Med,Pto Triunfo, honda, Ibague, Neiva",22-25 PX,22,25,6503261,8454240
SAN AGUSTIN,DESTINO,833,0,,"Med,Pto Triunfo, honda, Ibague, Neiva",30-42 PX,30,42,7218620,9384206
SAN ANDRES DE C.,DESTINO,137,0,45,"Med, Don Matías, Santa Rosa.45 Kms dest",12 PX,12,12,1052686,1499046
SAN ANDRES DE C.,DESTINO,137,0,45,"Med, Don Matías, Santa Rosa.45 Kms dest",14 PX,14,14,1111169,1582327
SAN ANDRES DE C.,DESTINO,137,0,45,"Med, Don Matías, Santa Rosa.45 Kms dest",16 PX,16,16,1228134,1748887
SAN ANDRES DE C.,DESTINO,137,0,45,"Med, Don Matías, Santa Rosa.45 Kms dest",19 PX,19,19,1310009,1703012
SAN ANDRES DE C.,DESTINO,137,0,45,"Med, Don Matías, Santa Rosa.45 Kms dest",22-25 PX,22,25,1473761,1915889
SAN ANDRES DE C.,DESTINO,137,0,45,"Med, Don Matías, Santa Rosa.45 Kms dest",30-42 PX,30,42,1635874,2126637
SAN ANTERO,DESTINO,468,0,,"Córdoba, Costa Atlántica",12 PX,12,12,3275024,4663699
SAN ANTERO,DESTINO,468,0,,"Córdoba, Costa Atlántica",14 PX,14,14,3508954,4996821
SAN ANTERO,DESTINO,468,0,,"Córdoba, Costa Atlántica",16 PX,16,16,3859849,5496503
SAN ANTERO,DESTINO,468,0,,"Córdoba, Costa Atlántica",19 PX,19,19,4304317,5595612
SAN ANTERO,DESTINO,468,0,,"Córdoba, Costa Atlántica",22-25 PX,22,25,4959322,6447118
SAN ANTERO,DESTINO,468,0,,"Córdoba, Costa Atlántica",30-42 PX,30,42,5504847,7156301
SAN ANTONIO DE PRADO,DESTINO,45,0,,"Med,Itagui",12 PX,12,12,491254,699555
SAN ANTONIO DE PRADO,DESTINO,45,0,,"Med,Itagui",14 PX,14,14,538040,766179
SAN ANTONIO DE PRADO,DESTINO,45,0,,"Med,Itagui",16 PX,16,16,584826,832803
SAN ANTONIO DE PRADO,DESTINO,45,0,,"Med,Itagui",19 PX,19,19,655005,851506
SAN ANTONIO DE PRADO,DESTINO,45,0,,"Med,Itagui",22-25 PX,22,25,748577,973150
SAN ANTONIO DE PRADO,DESTINO,45,0,,"Med,Itagui",30-42 PX,30,42,830920,1080196
SAN BERNANRDO,DESTINO,530,0,,"Med, Caucasia, Montería, Lorica",12 PX,12,12,3836456,5463190
SAN BERNANRDO,DESTINO,530,0,,"Med, Caucasia, Montería, Lorica",14 PX,14,14,4046994,5763000
SAN BERNANRDO,DESTINO,530,0,,"Med, Caucasia, Montería, Lorica",16 PX,16,16,4210745,5996185
SAN BERNANRDO,DESTINO,530,0,,"Med, Caucasia, Montería, Lorica",19 PX,19,19,4514854,5869310
SAN BERNANRDO,DESTINO,530,0,,"Med, Caucasia, Montería, Lorica",22-25 PX,22,25,4818963,6264652
SAN BERNANRDO,DESTINO,530,0,,"Med, Caucasia, Montería, Lorica",30-42 PX,30,42,5349049,6953764
SAN CARLOS,DESTINO,119,0,,"Med,Marinilla,Granada",12 PX,12,12,818756,1165925
SAN CARLOS,DESTINO,119,0,,"Med,Marinilla,Granada",14 PX,14,14,935721,1332485
SAN CARLOS,DESTINO,119,0,,"Med,Marinilla,Granada",16 PX,16,16,1040990,1482390
SAN CARLOS,DESTINO,119,0,,"Med,Marinilla,Granada",19 PX,19,19,1169651,1520547
SAN CARLOS,DESTINO,119,0,,"Med,Marinilla,Granada",22-25 PX,22,25,1356796,1763834
SAN CARLOS,DESTINO,119,0,,"Med,Marinilla,Granada",30-42 PX,30,42,1506043,1957856
SAN CARLOS (REPRESA),DESTINO,159,0,50,"Med, Marinilla, Granada, San Carlos.50 Kms dest",12 PX,12,12,1122865,1598983
SAN CARLOS (REPRESA),DESTINO,159,0,50,"Med, Marinilla, Granada, San Carlos.50 Kms dest",14 PX,14,14,1263223,1798855
SAN CARLOS (REPRESA),DESTINO,159,0,50,"Med, Marinilla, Granada, San Carlos.50 Kms dest",16 PX,16,16,1403582,1998728
SAN CARLOS (REPRESA),DESTINO,159,0,50,"Med, Marinilla, Granada, San Carlos.50 Kms dest",19 PX,19,19,1590726,2067944
SAN CARLOS (REPRESA),DESTINO,159,0,50,"Med, Marinilla, Granada, San Carlos.50 Kms dest",22-25 PX,22,25,1777870,2311231
SAN CARLOS (REPRESA),DESTINO,159,0,50,"Med, Marinilla, Granada, San Carlos.50 Kms dest",30-42 PX,30,42,1973436,2565466
SAN FELIX,DESTINO,27,0,,"Med, San Cristóbal",12 PX,12,12,362592,516338
SAN FELIX,DESTINO,27,0,,"Med, San Cristóbal",14 PX,14,14,397681,566306
SAN FELIX,DESTINO,27,0,,"Med, San Cristóbal",16 PX,16,16,432771,616275
SAN FELIX,DESTINO,27,0,,"Med, San Cristóbal",19 PX,19,19,491254,638630
SAN FELIX,DESTINO,27,0,,"Med, San Cristóbal",22-25 PX,22,25,561433,729862
SAN FELIX,DESTINO,27,0,,"Med, San Cristóbal",30-42 PX,30,42,623190,810147
SAN FRANCISCO,DESTINO,95,0,10,"Med,Marinilla,Santuario,Cocor na.10 Kms dest",12 PX,12,12,748577,1065988
SAN FRANCISCO,DESTINO,95,0,10,"Med,Marinilla,Santuario,Cocor na.10 Kms dest",14 PX,14,14,842149,1199237
SAN FRANCISCO,DESTINO,95,0,10,"Med,Marinilla,Santuario,Cocor na.10 Kms dest",16 PX,16,16,935721,1332485
SAN FRANCISCO,DESTINO,95,0,10,"Med,Marinilla,Santuario,Cocor na.10 Kms dest",19 PX,19,19,1052686,1368492
SAN FRANCISCO,DESTINO,95,0,10,"Med,Marinilla,Santuario,Cocor na.10 Kms dest",22-25 PX,22,25,1193044,1550958
SAN FRANCISCO,DESTINO,95,0,10,"Med,Marinilla,Santuario,Cocor na.10 Kms dest",30-42 PX,30,42,1324279,1721563
SAN JERONIMO,DESTINO,57,0,,"Med, Boqueron, Palmitas",12 PX,12,12,608219,866116
SAN JERONIMO,DESTINO,57,0,,"Med, Boqueron, Palmitas",14 PX,14,14,678398,966052
SAN JERONIMO,DESTINO,57,0,,"Med, Boqueron, Palmitas",16 PX,16,16,760273,1082644
SAN JERONIMO,DESTINO,57,0,,"Med, Boqueron, Palmitas",19 PX,19,19,842149,1094794
SAN JERONIMO,DESTINO,57,0,,"Med, Boqueron, Palmitas",22-25 PX,22,25,935721,1216437
SAN JERONIMO,DESTINO,57,0,,"Med, Boqueron, Palmitas",30-42 PX,30,42,1038650,1350245
SAN JOSE DE LA MONTAÑA,DESTINO,126,0,40,"Med,Don Matías, Sta Rosa. 40 Kms dest",12 PX,12,12,1169651,1665607
SAN JOSE DE LA MONTAÑA,DESTINO,126,0,40,"Med,Don Matías, Sta Rosa. 40 Kms dest",14 PX,14,14,1216437,1732231
SAN JOSE DE LA MONTAÑA,DESTINO,126,0,40,"Med,Don Matías, Sta Rosa. 40 Kms dest",16 PX,16,16,1298313,1848824
SAN JOSE DE LA MONTAÑA,DESTINO,126,0,40,"Med,Don Matías, Sta Rosa. 40 Kms dest",19 PX,19,19,1426975,1855067
SAN JOSE DE LA MONTAÑA,DESTINO,126,0,40,"Med,Don Matías, Sta Rosa. 40 Kms dest",22-25 PX,22,25,1602422,2083149
SAN JOSE DE LA MONTAÑA,DESTINO,126,0,40,"Med,Don Matías, Sta Rosa. 40 Kms dest",30-42 PX,30,42,1778689,2312295
SAN JOSE DEL NUS,DESTINO,135,0,,"Med, Cisneros",12 PX,12,12,1216437,1732231
SAN JOSE DEL NUS,DESTINO,135,0,,"Med, Cisneros",14 PX,14,14,1263223,1798855
SAN JOSE DEL NUS,DESTINO,135,0,,"Med, Cisneros",16 PX,16,16,1321706,1882136
SAN JOSE DEL NUS,DESTINO,135,0,,"Med, Cisneros",19 PX,19,19,1462064,1900683
SAN JOSE DEL NUS,DESTINO,135,0,,"Med, Cisneros",22-25 PX,22,25,1637512,2128765
SAN JOSE DEL NUS,DESTINO,135,0,,"Med, Cisneros",30-42 PX,30,42,1817638,2362930
SAN LUIS,DESTINO,124,0,5,"Med,Marinilla,Cocorna.5 Kms dest",12 PX,12,12,846828,1205899
SAN LUIS,DESTINO,124,0,5,"Med,Marinilla,Cocorna.5 Kms dest",14 PX,14,14,982507,1399110
SAN LUIS,DESTINO,124,0,5,"Med,Marinilla,Cocorna.5 Kms dest",16 PX,16,16,1216437,1732231
SAN LUIS,DESTINO,124,0,5,"Med,Marinilla,Cocorna.5 Kms dest",19 PX,19,19,1590726,2067944
SAN LUIS,DESTINO,124,0,5,"Med,Marinilla,Cocorna.5 Kms dest",22-25 PX,22,25,1812960,2356847
SAN LUIS,DESTINO,124,0,5,"Med,Marinilla,Cocorna.5 Kms dest",30-42 PX,30,42,2012385,2616101
SAN PEDRO,DESTINO,44,0,,"Med, San cristobal, San Felix",12 PX,12,12,502950,716211
SAN PEDRO,DESTINO,44,0,,"Med, San cristobal, San Felix",14 PX,14,14,538040,766179
SAN PEDRO,DESTINO,44,0,,"Med, San cristobal, San Felix",16 PX,16,16,584826,832803
SAN PEDRO,DESTINO,44,0,,"Med, San cristobal, San Felix",19 PX,19,19,619915,805890
SAN PEDRO,DESTINO,44,0,,"Med, San cristobal, San Felix",22-25 PX,22,25,701791,912328
SAN PEDRO,DESTINO,44,0,,"Med, San cristobal, San Felix",30-42 PX,30,42,778988,1012684
SAN RAFAEL,DESTINO,102,0,,"Med, Guarne, Marinilla, Guatape",12 PX,12,12,853845,1215893
SAN RAFAEL,DESTINO,102,0,,"Med, Guarne, Marinilla, Guatape",14 PX,14,14,888935,1265861
SAN RAFAEL,DESTINO,102,0,,"Med, Guarne, Marinilla, Guatape",16 PX,16,16,970811,1382454
SAN RAFAEL,DESTINO,102,0,,"Med, Guarne, Marinilla, Guatape",19 PX,19,19,1052686,1368492
SAN RAFAEL,DESTINO,102,0,,"Med, Guarne, Marinilla, Guatape",22-25 PX,22,25,1169651,1520547
SAN RAFAEL,DESTINO,102,0,,"Med, Guarne, Marinilla, Guatape",30-42 PX,30,42,1298313,1687807
SAN ROQUE,DESTINO,110,0,20,"Med,Barbosa,Cisneros.20 Kms dest",12 PX,12,12,888935,1265861
SAN ROQUE,DESTINO,110,0,20,"Med,Barbosa,Cisneros.20 Kms dest",14 PX,14,14,982507,1399110
SAN ROQUE,DESTINO,110,0,20,"Med,Barbosa,Cisneros.20 Kms dest",16 PX,16,16,1040990,1482390
SAN ROQUE,DESTINO,110,0,20,"Med,Barbosa,Cisneros.20 Kms dest",19 PX,19,19,1122865,1459725
SAN ROQUE,DESTINO,110,0,20,"Med,Barbosa,Cisneros.20 Kms dest",22-25 PX,22,25,1310009,1703012
SAN ROQUE,DESTINO,110,0,20,"Med,Barbosa,Cisneros.20 Kms dest",30-42 PX,30,42,1454111,1890344
SAN VICENTE,DESTINO,48,0,,"Med, Guarne",12 PX,12,12,502950,716211
SAN VICENTE,DESTINO,48,0,,"Med, Guarne",14 PX,14,14,561433,799491
SAN VICENTE,DESTINO,48,0,,"Med, Guarne",16 PX,16,16,619915,882772
SAN VICENTE,DESTINO,48,0,,"Med, Guarne",19 PX,19,19,701791,912328
SAN VICENTE,DESTINO,48,0,,"Med, Guarne",22-25 PX,22,25,818756,1064383
SAN VICENTE,DESTINO,48,0,,"Med, Guarne",30-42 PX,30,42,908819,1181465
SANTA BARBARA,DESTINO,53,0,,"Med, Alto de Minas, Versalles",12 PX,12,12,573129,816147
SANTA BARBARA,DESTINO,53,0,,"Med, Alto de Minas, Versalles",14 PX,14,14,619915,882772
SANTA BARBARA,DESTINO,53,0,,"Med, Alto de Minas, Versalles",16 PX,16,16,666701,949396
SANTA BARBARA,DESTINO,53,0,,"Med, Alto de Minas, Versalles",19 PX,19,19,736880,957944
SANTA BARBARA,DESTINO,53,0,,"Med, Alto de Minas, Versalles",22-25 PX,22,25,807059,1049177
SANTA BARBARA,DESTINO,53,0,,"Med, Alto de Minas, Versalles",30-42 PX,30,42,895836,1164587
SANTA ELENA,DESTINO,22,0,,"Med,Via Rionegro",12 PX,12,12,467861,666243
SANTA ELENA,DESTINO,22,0,,"Med,Via Rionegro",14 PX,14,14,514647,732867
SANTA ELENA,DESTINO,22,0,,"Med,Via Rionegro",16 PX,16,16,561433,799491
SANTA ELENA,DESTINO,22,0,,"Med,Via Rionegro",19 PX,19,19,608219,790684
SANTA ELENA,DESTINO,22,0,,"Med,Via Rionegro",22-25 PX,22,25,701791,912328
SANTA ELENA,DESTINO,22,0,,"Med,Via Rionegro",30-42 PX,30,42,778988,1012684
SANTA FE DE ANTIOQUIA,DESTINO,80,0,,"Med,Boqueron,San jeronimo",12 PX,12,12,666701,949396
SANTA FE DE ANTIOQUIA,DESTINO,80,0,,"Med,Boqueron,San jeronimo",14 PX,14,14,760273,1082644
SANTA FE DE ANTIOQUIA,DESTINO,80,0,,"Med,Boqueron,San jeronimo",16 PX,16,16,853845,1215893
SANTA FE DE ANTIOQUIA,DESTINO,80,0,,"Med,Boqueron,San jeronimo",19 PX,19,19,959114,1246848
SANTA FE DE ANTIOQUIA,DESTINO,80,0,,"Med,Boqueron,San jeronimo",22-25 PX,22,25,1122865,1459725
SANTA FE DE ANTIOQUIA,DESTINO,80,0,,"Med,Boqueron,San jeronimo",30-42 PX,30,42,1246380,1620295
SANTA MARTA,DESTINO,767,0,,"Med, Caucasia, Cartagena",12 PX,12,12,5988615,8527907
SANTA MARTA,DESTINO,767,0,,"Med, Caucasia, Cartagena",14 PX,14,14,6210848,8844372
SANTA MARTA,DESTINO,767,0,,"Med, Caucasia, Cartagena",16 PX,16,16,6737192,9593895
SANTA MARTA,DESTINO,767,0,,"Med, Caucasia, Cartagena",19 PX,19,19,7286928,9473006
SANTA MARTA,DESTINO,767,0,,"Med, Caucasia, Cartagena",22-25 PX,22,25,8304524,10795882
SANTA MARTA,DESTINO,767,0,,"Med, Caucasia, Cartagena",30-42 PX,30,42,9218022,11983429
SANTA ROSA DE CABAL,DESTINO,255,0,,"Med, Sta Barbara, Pintada, Pereira",12 PX,12,12,2058586,2931468
SANTA ROSA DE CABAL,DESTINO,255,0,,"Med, Sta Barbara, Pintada, Pereira",14 PX,14,14,2222337,3164653
SANTA ROSA DE CABAL,DESTINO,255,0,,"Med, Sta Barbara, Pintada, Pereira",16 PX,16,16,2456268,3497774
SANTA ROSA DE CABAL,DESTINO,255,0,,"Med, Sta Barbara, Pintada, Pereira",19 PX,19,19,2608322,3390819
SANTA ROSA DE CABAL,DESTINO,255,0,,"Med, Sta Barbara, Pintada, Pereira",22-25 PX,22,25,3146362,4090271
SANTA ROSA DE CABAL,DESTINO,255,0,,"Med, Sta Barbara, Pintada, Pereira",30-42 PX,30,42,3492462,4540200
SANTA ROSA OSOS,DESTINO,75,0,,"Med,Don Matias,Otra via San pedro entrerrios",12 PX,12,12,701791,999364
SANTA ROSA OSOS,DESTINO,75,0,,"Med,Don Matias,Otra via San pedro entrerrios",14 PX,14,14,748577,1065988
SANTA ROSA OSOS,DESTINO,75,0,,"Med,Don Matias,Otra via San pedro entrerrios",16 PX,16,16,818756,1165925
SANTA ROSA OSOS,DESTINO,75,0,,"Med,Don Matias,Otra via San pedro entrerrios",19 PX,19,19,888935,1155615
SANTA ROSA OSOS,DESTINO,75,0,,"Med,Don Matias,Otra via San pedro entrerrios",22-25 PX,22,25,1005900,1307670
SANTA ROSA OSOS,DESTINO,75,0,,"Med,Don Matias,Otra via San pedro entrerrios",30-42 PX,30,42,1116549,1451514
SANTIAGO,DESTINO,84,0,,,12 PX,12,12,748577,1065988
SANTIAGO,DESTINO,84,0,,,14 PX,14,14,818756,1165925
SANTIAGO,DESTINO,84,0,,,16 PX,16,16,865542,1232549
SANTIAGO,DESTINO,84,0,,,19 PX,19,19,935721,1216437
SANTIAGO,DESTINO,84,0,,,22-25 PX,22,25,1005900,1307670
SANTIAGO,DESTINO,84,0,,,30-42 PX,30,42,1182694,1537502
SANTO DOMINGO,DESTINO,85,0,15,"Med,Barbosa, Molino viejo,15 Kms dest.Otra san vicente",12 PX,12,12,818756,1165925
SANTO DOMINGO,DESTINO,85,0,15,"Med,Barbosa, Molino viejo,15 Kms dest.Otra san vicente",14 PX,14,14,888935,1265861
SANTO DOMINGO,DESTINO,85,0,15,"Med,Barbosa, Molino viejo,15 Kms dest.Otra san vicente",16 PX,16,16,970811,1382454
SANTO DOMINGO,DESTINO,85,0,15,"Med,Barbosa, Molino viejo,15 Kms dest.Otra san vicente",19 PX,19,19,1052686,1368492
SANTO DOMINGO,DESTINO,85,0,15,"Med,Barbosa, Molino viejo,15 Kms dest.Otra san vicente",22-25 PX,22,25,1169651,1520547
SANTO DOMINGO,DESTINO,85,0,15,"Med,Barbosa, Molino viejo,15 Kms dest.Otra san vicente",30-42 PX,30,42,1298313,1687807
SANTUARIO,DESTINO,57,0,,"Med, Oriente Antioqueño",12 PX,12,12,538040,766179
SANTUARIO,DESTINO,57,0,,"Med, Oriente Antioqueño",14 PX,14,14,573129,816147
SANTUARIO,DESTINO,57,0,,"Med, Oriente Antioqueño",16 PX,16,16,619915,882772
SANTUARIO,DESTINO,57,0,,"Med, Oriente Antioqueño",19 PX,19,19,690094,897123
SANTUARIO,DESTINO,57,0,,"Med, Oriente Antioqueño",22-25 PX,22,25,795363,1033972
SANTUARIO,DESTINO,57,0,,"Med, Oriente Antioqueño",30-42 PX,30,42,882853,1147709
SEGOVIA,DESTINO,203,0,70,"Med, Cisneros, Yolombolo, Yali, Remedios.70 Kms dest",12 PX,12,12,1918228,2731595
SEGOVIA,DESTINO,203,0,70,"Med, Cisneros, Yolombolo, Yali, Remedios.70 Kms dest",14 PX,14,14,2105372,2998092
SEGOVIA,DESTINO,203,0,70,"Med, Cisneros, Yolombolo, Yali, Remedios.70 Kms dest",16 PX,16,16,2257427,3214621
SEGOVIA,DESTINO,203,0,70,"Med, Cisneros, Yolombolo, Yali, Remedios.70 Kms dest",19 PX,19,19,2503054,3253970
SEGOVIA,DESTINO,203,0,70,"Med, Cisneros, Yolombolo, Yali, Remedios.70 Kms dest",22-25 PX,22,25,2748681,3573285
SEGOVIA,DESTINO,203,0,70,"Med, Cisneros, Yolombolo, Yali, Remedios.70 Kms dest",30-42 PX,30,42,3051035,3966346
SINCELEJO,DESTINO,467,0,,"Med, Caucasia, Taraza, Planeta Rica",12 PX,12,12,3275024,4663699
SINCELEJO,DESTINO,467,0,,"Med, Caucasia, Taraza, Planeta Rica",14 PX,14,14,3508954,4996821
SINCELEJO,DESTINO,467,0,,"Med, Caucasia, Taraza, Planeta Rica",16 PX,16,16,3859849,5496503
SINCELEJO,DESTINO,467,0,,"Med, Caucasia, Taraza, Planeta Rica",19 PX,19,19,4304317,5595612
SINCELEJO,DESTINO,467,0,,"Med, Caucasia, Taraza, Planeta Rica",22-25 PX,22,25,5415486,7040131
SINCELEJO,DESTINO,467,0,,"Med, Caucasia, Taraza, Planeta Rica",30-42 PX,30,42,6011189,7814546
SOGAMOSO,DESTINO,640,0,,"Med, Pto Boyaca, Tunja, Paipa",12 PX,12,12,5380396,7661792
SOGAMOSO,DESTINO,640,0,,"Med, Pto Boyaca, Tunja, Paipa",14 PX,14,14,5731291,8161474
SOGAMOSO,DESTINO,640,0,,"Med, Pto Boyaca, Tunja, Paipa",16 PX,16,16,6082187,8661156
SOGAMOSO,DESTINO,640,0,,"Med, Pto Boyaca, Tunja, Paipa",19 PX,19,19,6319408,8215231
SOGAMOSO,DESTINO,640,0,,"Med, Pto Boyaca, Tunja, Paipa",22-25 PX,22,25,6725495,8743144
SOGAMOSO,DESTINO,640,0,,"Med, Pto Boyaca, Tunja, Paipa",30-42 PX,30,42,7465299,9704889
SONSON,DESTINO,113,0,,"Med, La ceja, La Unión",12 PX,12,12,935721,1332485
SONSON,DESTINO,113,0,,"Med, La ceja, La Unión",14 PX,14,14,1029293,1465734
SONSON,DESTINO,113,0,,"Med, La ceja, La Unión",16 PX,16,16,1122865,1598983
SONSON,DESTINO,113,0,,"Med, La ceja, La Unión",19 PX,19,19,1239830,1611780
SONSON,DESTINO,113,0,,"Med, La ceja, La Unión",22-25 PX,22,25,1380189,1794245
SONSON,DESTINO,113,0,,"Med, La ceja, La Unión",30-42 PX,30,42,1532009,1991612
SOPETRAN,DESTINO,79,0,,"Med,Boqueron, San jerónimo",12 PX,12,12,701791,999364
SOPETRAN,DESTINO,79,0,,"Med,Boqueron, San jerónimo",14 PX,14,14,760273,1082644
SOPETRAN,DESTINO,79,0,,"Med,Boqueron, San jerónimo",16 PX,16,16,842149,1199237
SOPETRAN,DESTINO,79,0,,"Med,Boqueron, San jerónimo",19 PX,19,19,935721,1216437
SOPETRAN,DESTINO,79,0,,"Med,Boqueron, San jerónimo",22-25 PX,22,25,1052686,1368492
SOPETRAN,DESTINO,79,0,,"Med,Boqueron, San jerónimo",30-42 PX,30,42,1168482,1519026
SUPIA,DESTINO,140,0,,"Med, Sta Barbara, Pintada",12 PX,12,12,959114,1365798
SUPIA,DESTINO,140,0,,"Med, Sta Barbara, Pintada",14 PX,14,14,1029293,1465734
SUPIA,DESTINO,140,0,,"Med, Sta Barbara, Pintada",16 PX,16,16,1122865,1598983
SUPIA,DESTINO,140,0,,"Med, Sta Barbara, Pintada",19 PX,19,19,1310009,1703012
SUPIA,DESTINO,140,0,,"Med, Sta Barbara, Pintada",22-25 PX,22,25,1497154,1946300
SUPIA,DESTINO,140,0,,"Med, Sta Barbara, Pintada",30-42 PX,30,42,1661841,2160393
TAMESIS,DESTINO,102,0,,"Med, Sta Barbara, Pintada",12 PX,12,12,748577,1065988
TAMESIS,DESTINO,102,0,,"Med, Sta Barbara, Pintada",14 PX,14,14,853845,1215893
TAMESIS,DESTINO,102,0,,"Med, Sta Barbara, Pintada",16 PX,16,16,935721,1332485
TAMESIS,DESTINO,102,0,,"Med, Sta Barbara, Pintada",19 PX,19,19,1052686,1368492
TAMESIS,DESTINO,102,0,,"Med, Sta Barbara, Pintada",22-25 PX,22,25,1122865,1459725
TAMESIS,DESTINO,102,0,,"Med, Sta Barbara, Pintada",30-42 PX,30,42,1246380,1620295
TARAZA,DESTINO,233,0,,"Med,Dn Matias,Yarumal, Pto Valdivia",12 PX,12,12,1555636,2215257
TARAZA,DESTINO,233,0,,"Med,Dn Matias,Yarumal, Pto Valdivia",14 PX,14,14,1637512,2331850
TARAZA,DESTINO,233,0,,"Med,Dn Matias,Yarumal, Pto Valdivia",16 PX,16,16,1801263,2565035
TARAZA,DESTINO,233,0,,"Med,Dn Matias,Yarumal, Pto Valdivia",19 PX,19,19,1918228,2493697
TARAZA,DESTINO,233,0,,"Med,Dn Matias,Yarumal, Pto Valdivia",22-25 PX,22,25,2093676,2721779
TARAZA,DESTINO,233,0,,"Med,Dn Matias,Yarumal, Pto Valdivia",30-42 PX,30,42,2323980,3021174
TARSO,DESTINO,95,0,,"Med,Amaga,Bolombolo.Otra via Fredonia,Puente Iglesia",12 PX,12,12,935721,1332485
TARSO,DESTINO,95,0,,"Med,Amaga,Bolombolo.Otra via Fredonia,Puente Iglesia",14 PX,14,14,982507,1399110
TARSO,DESTINO,95,0,,"Med,Amaga,Bolombolo.Otra via Fredonia,Puente Iglesia",16 PX,16,16,1052686,1499046
TARSO,DESTINO,95,0,,"Med,Amaga,Bolombolo.Otra via Fredonia,Puente Iglesia",19 PX,19,19,1122865,1459725
TARSO,DESTINO,95,0,,"Med,Amaga,Bolombolo.Otra via Fredonia,Puente Iglesia",22-25 PX,22,25,1310009,1703012
TARSO,DESTINO,95,0,,"Med,Amaga,Bolombolo.Otra via Fredonia,Puente Iglesia",30-42 PX,30,42,1454111,1890344
TITIRIBI,DESTINO,62,0,,"Med,Caldas,Amaga,Albania",12 PX,12,12,608219,866116
TITIRIBI,DESTINO,62,0,,"Med,Caldas,Amaga,Albania",14 PX,14,14,678398,966052
TITIRIBI,DESTINO,62,0,,"Med,Caldas,Amaga,Albania",16 PX,16,16,760273,1082644
TITIRIBI,DESTINO,62,0,,"Med,Caldas,Amaga,Albania",19 PX,19,19,842149,1094794
TITIRIBI,DESTINO,62,0,,"Med,Caldas,Amaga,Albania",22-25 PX,22,25,900632,1170821
TITIRIBI,DESTINO,62,0,,"Med,Caldas,Amaga,Albania",30-42 PX,30,42,999701,1299611
TULUA,DESTINO,355,0,,"Med, Irra, Pereira, Cartago",12 PX,12,12,2690198,3830896
TULUA,DESTINO,355,0,,"Med, Irra, Pereira, Cartago",14 PX,14,14,2783770,3964144
TULUA,DESTINO,355,0,,"Med, Irra, Pereira, Cartago",16 PX,16,16,2900735,4130705
TULUA,DESTINO,355,0,,"Med, Irra, Pereira, Cartago",19 PX,19,19,3087879,4014243
TULUA,DESTINO,355,0,,"Med, Irra, Pereira, Cartago",22-25 PX,22,25,3321810,4318353
TULUA,DESTINO,355,0,,"Med, Irra, Pereira, Cartago",30-42 PX,30,42,3687209,4793371
TUNJA,DESTINO,582,0,,"Med, Pto Boyaca, Pto Araujo",12 PX,12,12,4210745,5996185
TUNJA,DESTINO,582,0,,"Med, Pto Boyaca, Pto Araujo",14 PX,14,14,4678605,6662427
TUNJA,DESTINO,582,0,,"Med, Pto Boyaca, Pto Araujo",16 PX,16,16,5029501,7162109
TUNJA,DESTINO,582,0,,"Med, Pto Boyaca, Pto Araujo",19 PX,19,19,5380396,6994515
TUNJA,DESTINO,582,0,,"Med, Pto Boyaca, Pto Araujo",22-25 PX,22,25,5415486,7040131
TUNJA,DESTINO,582,0,,"Med, Pto Boyaca, Pto Araujo",30-42 PX,30,42,6011189,7814546
TURBO,DESTINO,350,0,,"Med,S jerónimo, Cañas gordas, Apartado",12 PX,12,12,2830556,4030769
TURBO,DESTINO,350,0,,"Med,S jerónimo, Cañas gordas, Apartado",14 PX,14,14,3087879,4397202
TURBO,DESTINO,350,0,,"Med,S jerónimo, Cañas gordas, Apartado",16 PX,16,16,3275024,4663699
TURBO,DESTINO,350,0,,"Med,S jerónimo, Cañas gordas, Apartado",19 PX,19,19,3473864,4516024
TURBO,DESTINO,350,0,,"Med,S jerónimo, Cañas gordas, Apartado",22-25 PX,22,25,3661009,4759311
TURBO,DESTINO,350,0,,"Med,S jerónimo, Cañas gordas, Apartado",30-42 PX,30,42,4063720,5282835
URAMITA,DESTINO,162,0,,"Med,S jerónimo, Cañas gordas",12 PX,12,12,1590726,2265225
URAMITA,DESTINO,162,0,,"Med,S jerónimo, Cañas gordas",14 PX,14,14,1684298,2398474
URAMITA,DESTINO,162,0,,"Med,S jerónimo, Cañas gordas",16 PX,16,16,1801263,2565035
URAMITA,DESTINO,162,0,,"Med,S jerónimo, Cañas gordas",19 PX,19,19,1918228,2493697
URAMITA,DESTINO,162,0,,"Med,S jerónimo, Cañas gordas",22-25 PX,22,25,2000104,2600135
URAMITA,DESTINO,162,0,,"Med,S jerónimo, Cañas gordas",30-42 PX,30,42,2220115,2886150
URRAO,DESTINO,170,0,,"Med, Bolombolo, Concordia, Betulia",12 PX,12,12,1719387,2448442
URRAO,DESTINO,170,0,,"Med, Bolombolo, Concordia, Betulia",14 PX,14,14,1824656,2598347
URRAO,DESTINO,170,0,,"Med, Bolombolo, Concordia, Betulia",16 PX,16,16,1941621,2764907
URRAO,DESTINO,170,0,,"Med, Bolombolo, Concordia, Betulia",19 PX,19,19,2058586,2676162
URRAO,DESTINO,170,0,,"Med, Bolombolo, Concordia, Betulia",22-25 PX,22,25,2439893,3171860
URRAO,DESTINO,170,0,,"Med, Bolombolo, Concordia, Betulia",30-42 PX,30,42,2708281,3520765
VALDIVIA,DESTINO,169,0,,"Med, Don Matías, Santa Rosa, Yarumal",12 PX,12,12,1403582,1998728
VALDIVIA,DESTINO,169,0,,"Med, Don Matías, Santa Rosa, Yarumal",14 PX,14,14,1473761,2098665
VALDIVIA,DESTINO,169,0,,"Med, Don Matías, Santa Rosa, Yarumal",16 PX,16,16,1637512,2331850
VALDIVIA,DESTINO,169,0,,"Med, Don Matías, Santa Rosa, Yarumal",19 PX,19,19,1801263,2341642
VALDIVIA,DESTINO,169,0,,"Med, Don Matías, Santa Rosa, Yarumal",22-25 PX,22,25,1754477,2280820
VALDIVIA,DESTINO,169,0,,"Med, Don Matías, Santa Rosa, Yarumal",30-42 PX,30,42,1947469,2531710
VALLEDUPAR,DESTINO,1098,0,,"Med, Pto Boyacá, Pto Araujo",12 PX,12,12,5450575,7761728
VALLEDUPAR,DESTINO,1098,0,,"Med, Pto Boyacá, Pto Araujo",14 PX,14,14,5731291,8161474
VALLEDUPAR,DESTINO,1098,0,,"Med, Pto Boyacá, Pto Araujo",16 PX,16,16,5918436,8427971
VALLEDUPAR,DESTINO,1098,0,,"Med, Pto Boyacá, Pto Araujo",19 PX,19,19,6292724,8180541
VALLEDUPAR,DESTINO,1098,0,,"Med, Pto Boyacá, Pto Araujo",22-25 PX,22,25,6900943,8971226
VALLEDUPAR,DESTINO,1098,0,,"Med, Pto Boyacá, Pto Araujo",30-42 PX,30,42,7660046,9958060
VALPARAISO,DESTINO,117,0,,"Med,Santa Barbara, La pintada. Otra vía por Bolombolo",12 PX,12,12,888935,1265861
VALPARAISO,DESTINO,117,0,,"Med,Santa Barbara, La pintada. Otra vía por Bolombolo",14 PX,14,14,959114,1365798
VALPARAISO,DESTINO,117,0,,"Med,Santa Barbara, La pintada. Otra vía por Bolombolo",16 PX,16,16,1052686,1499046
VALPARAISO,DESTINO,117,0,,"Med,Santa Barbara, La pintada. Otra vía por Bolombolo",19 PX,19,19,1193044,1550958
VALPARAISO,DESTINO,117,0,,"Med,Santa Barbara, La pintada. Otra vía por Bolombolo",22-25 PX,22,25,1286616,1672601
VALPARAISO,DESTINO,117,0,,"Med,Santa Barbara, La pintada. Otra vía por Bolombolo",30-42 PX,30,42,1428144,1856588
VENECIA,DESTINO,61,0,15,"Med,Amaga,El cinco.15 Kms dest",12 PX,12,12,573129,816147
VENECIA,DESTINO,61,0,15,"Med,Amaga,El cinco.15 Kms dest",14 PX,14,14,608219,866116
VENECIA,DESTINO,61,0,15,"Med,Amaga,El cinco.15 Kms dest",16 PX,16,16,655005,932740
VENECIA,DESTINO,61,0,15,"Med,Amaga,El cinco.15 Kms dest",19 PX,19,19,736880,957944
VENECIA,DESTINO,61,0,15,"Med,Amaga,El cinco.15 Kms dest",22-25 PX,22,25,830452,1079588
VENECIA,DESTINO,61,0,15,"Med,Amaga,El cinco.15 Kms dest",30-42 PX,30,42,921802,1198343
VERSALLES,DESTINO,38,0,,"Med, Alto Minas",12 PX,12,12,425753,606281
VERSALLES,DESTINO,38,0,,"Med, Alto Minas",14 PX,14,14,491254,699555
VERSALLES,DESTINO,38,0,,"Med, Alto Minas",16 PX,16,16,538040,766179
VERSALLES,DESTINO,38,0,,"Med, Alto Minas",19 PX,19,19,584826,760273
VERSALLES,DESTINO,38,0,,"Med, Alto Minas",22-25 PX,22,25,655005,851506
VERSALLES,DESTINO,38,0,,"Med, Alto Minas",30-42 PX,30,42,727055,945172
VILLA DE LEIVA,DESTINO,738,0,,"Med, Pto Boyacá, Tunja",12 PX,12,12,4912535,6995549
VILLA DE LEIVA,DESTINO,738,0,,"Med, Pto Boyacá, Tunja",14 PX,14,14,5216645,7428607
VILLA DE LEIVA,DESTINO,738,0,,"Med, Pto Boyacá, Tunja",16 PX,16,16,5614326,7994913
VILLA DE LEIVA,DESTINO,738,0,,"Med, Pto Boyacá, Tunja",19 PX,19,19,5965222,7754788
VILLA DE LEIVA,DESTINO,738,0,,"Med, Pto Boyacá, Tunja",22-25 PX,22,25,6316117,8210952
VILLA DE LEIVA,DESTINO,738,0,,"Med, Pto Boyacá, Tunja",30-42 PX,30,42,7010890,9114157
VILLAVICENCIO,DESTINO,610,0,,"Med, Pto Boyacá, Bogota",12 PX,12,12,3625919,5163381
VILLAVICENCIO,DESTINO,610,0,,"Med, Pto Boyacá, Bogota",14 PX,14,14,3859849,5496503
VILLAVICENCIO,DESTINO,610,0,,"Med, Pto Boyacá, Bogota",16 PX,16,16,4023600,5729688
VILLAVICENCIO,DESTINO,610,0,,"Med, Pto Boyacá, Bogota",19 PX,19,19,4257531,5534790
VILLAVICENCIO,DESTINO,610,0,,"Med, Pto Boyacá, Bogota",22-25 PX,22,25,4678605,6082187
VILLAVICENCIO,DESTINO,610,0,,"Med, Pto Boyacá, Bogota",30-42 PX,30,42,5193252,6751227
VILLETA,DESTINO,350,0,,"Med, Pto Triunfo, La Dorada Honda",12 PX,12,12,2339303,3331214
VILLETA,DESTINO,350,0,,"Med, Pto Triunfo, La Dorada Honda",14 PX,14,14,2690198,3830896
VILLETA,DESTINO,350,0,,"Med, Pto Triunfo, La Dorada Honda",16 PX,16,16,2865646,4080737
VILLETA,DESTINO,350,0,,"Med, Pto Triunfo, La Dorada Honda",19 PX,19,19,3064486,3983832
VILLETA,DESTINO,350,0,,"Med, Pto Triunfo, La Dorada Honda",22-25 PX,22,25,3321810,4318353
VILLETA,DESTINO,350,0,,"Med, Pto Triunfo, La Dorada Honda",30-42 PX,30,42,3687209,4793371
"VUELTA ORIENTE (El retiro,La Ceja.Rionegro, El carmen, M)",DESTINO,84,1,,"El retiro,La Ceja.Rionegro, El carmen, Marinilla,Santuari",12 PX,12,12,818756,1165925
"VUELTA ORIENTE (El retiro,La Ceja.Rionegro, El carmen, M)",DESTINO,84,1,,"El retiro,La Ceja.Rionegro, El carmen, Marinilla,Santuari",14 PX,14,14,888935,1265861
"VUELTA ORIENTE (El retiro,La Ceja.Rionegro, El carmen, M)",DESTINO,84,1,,"El retiro,La Ceja.Rionegro, El carmen, Marinilla,Santuari",16 PX,16,16,982507,1399110
"VUELTA ORIENTE (El retiro,La Ceja.Rionegro, El carmen, M)",DESTINO,84,1,,"El retiro,La Ceja.Rionegro, El carmen, Marinilla,Santuari",19 PX,19,19,1052686,1368492
"VUELTA ORIENTE (El retiro,La Ceja.Rionegro, El carmen, M)",DESTINO,84,1,,"El retiro,La Ceja.Rionegro, El carmen, Marinilla,Santuari",22-25 PX,22,25,1122865,1459725
"VUELTA ORIENTE (El retiro,La Ceja.Rionegro, El carmen, M)",DESTINO,84,1,,"El retiro,La Ceja.Rionegro, El carmen, Marinilla,Santuari",30-42 PX,30,42,1246380,1620295
"VUELTA ORIENTE (Med, Marinilla, El peñol, Guatape)",DESTINO,65,1,,"Med, Marinilla, El peñol, Guatape",12 PX,12,12,655005,932740
"VUELTA ORIENTE (Med, Marinilla, El peñol, Guatape)",DESTINO,65,1,,"Med, Marinilla, El peñol, Guatape",14 PX,14,14,701791,999364
"VUELTA ORIENTE (Med, Marinilla, El peñol, Guatape)",DESTINO,65,1,,"Med, Marinilla, El peñol, Guatape",16 PX,16,16,818756,1165925
"VUELTA ORIENTE (Med, Marinilla, El peñol, Guatape)",DESTINO,65,1,,"Med, Marinilla, El peñol, Guatape",19 PX,19,19,970811,1262054
"VUELTA ORIENTE (Med, Marinilla, El peñol, Guatape)",DESTINO,65,1,,"Med, Marinilla, El peñol, Guatape",22-25 PX,22,25,1122865,1459725
"VUELTA ORIENTE (Med, Marinilla, El peñol, Guatape)",DESTINO,65,1,,"Med, Marinilla, El peñol, Guatape",30-42 PX,30,42,1246380,1620295
YALI,DESTINO,128,0,,"Med,Cisneros,Yolombo",12 PX,12,12,1099472,1565670
YALI,DESTINO,128,0,,"Med,Cisneros,Yolombo",14 PX,14,14,1216437,1732231
YALI,DESTINO,128,0,,"Med,Cisneros,Yolombo",16 PX,16,16,1333402,1898792
YALI,DESTINO,128,0,,"Med,Cisneros,Yolombo",19 PX,19,19,1485457,1931094
YALI,DESTINO,128,0,,"Med,Cisneros,Yolombo",22-25 PX,22,25,1555636,2022327
YALI,DESTINO,128,0,,"Med,Cisneros,Yolombo",30-42 PX,30,42,1726756,2244783
YARUMAL,DESTINO,122,0,,"Med, Don Matías, Santa Rosa",12 PX,12,12,1029293,1465734
YARUMAL,DESTINO,122,0,,"Med, Don Matías, Santa Rosa",14 PX,14,14,1122865,1598983
YARUMAL,DESTINO,122,0,,"Med, Don Matías, Santa Rosa",16 PX,16,16,1216437,1732231
YARUMAL,DESTINO,122,0,,"Med, Don Matías, Santa Rosa",19 PX,19,19,1310009,1703012
YARUMAL,DESTINO,122,0,,"Med, Don Matías, Santa Rosa",22-25 PX,22,25,1380189,1794245
YARUMAL,DESTINO,122,0,,"Med, Don Matías, Santa Rosa",30-42 PX,30,42,1532009,1991612
YOLOMBO,DESTINO,118,0,15,"Med,Barbosa,Cisneros.15 Kms dest",12 PX,12,12,982507,1399110
YOLOMBO,DESTINO,118,0,15,"Med,Barbosa,Cisneros.15 Kms dest",14 PX,14,14,1076079,1532358
YOLOMBO,DESTINO,118,0,15,"Med,Barbosa,Cisneros.15 Kms dest",16 PX,16,16,1193044,1698919
YOLOMBO,DESTINO,118,0,15,"Med,Barbosa,Cisneros.15 Kms dest",19 PX,19,19,1286616,1672601
YOLOMBO,DESTINO,118,0,15,"Med,Barbosa,Cisneros.15 Kms dest",22-25 PX,22,25,1356796,1763834
YOLOMBO,DESTINO,118,0,15,"Med,Barbosa,Cisneros.15 Kms dest",30-42 PX,30,42,1506043,1957856
ZARAGOZA,DESTINO,262,0,,"Med, Segovia, Zaragoza",12 PX,12,12,2058586,2931468
ZARAGOZA,DESTINO,262,0,,"Med, Segovia, Zaragoza",14 PX,14,14,2222337,3164653
ZARAGOZA,DESTINO,262,0,,"Med, Segovia, Zaragoza",16 PX,16,16,2526447,3597711
ZARAGOZA,DESTINO,262,0,,"Med, Segovia, Zaragoza",19 PX,19,19,2666805,3466846
ZARAGOZA,DESTINO,262,0,,"Med, Segovia, Zaragoza",22-25 PX,22,25,2947521,3831778
ZARAGOZA,DESTINO,262,0,,"Med, Segovia, Zaragoza",30-42 PX,30,42,3271749,4253273
